id,duplicate_of,actual_order,main_name,loc,address,compiler_version,original_compiler_version,is_multiple,fail,code_hash
2018-10299,,84.0,BecToken,299,0xc5d105e63711398af9bbff092d4b6769c82f793d,v0.4.19+commit.c4cbbb05,v0.4.19+commit.c4cbbb05,False,,50546f890b1724cf
2018-10376,,233.0,SMT,294,0x55F93985431Fc9304077687a35A1BA103dC1e081,v0.4.18+commit.9cf6e910,v0.4.18+commit.9cf6e910,False,,d7094a7e44e821e8
2018-10468,,86.0,UselessEthereumToken,146,0x27f706edde3aD952EF647Dd67E24e38CD0803DD6,v0.4.11+commit.68ef5810,v0.4.11+commit.68ef5810,False,,53672dc5a21a8fbe
2018-10706,,91.0,Token,404,0xb75a5e36cc668bc8fe468e8f272cd4a0fd0fd773,v0.4.22-nightly.2018.3.16+commit.2b2527f3,v0.4.22-nightly.2018.3.16+commit.2b2527f3,False,,563e823ea191f3ca
2018-10973,,34.0,KoreaShow,692,0x330bebabc9a2a4136e3d1cb38ca521f5a95aec2e,v0.4.20+commit.3155dd80,v0.4.20+commit.3155dd80,False,,20addab7a8d2f556
2018-11239,,245.0,Hexagon,102,0xB5335e24d0aB29C190AB8C2B459238Da1153cEBA,v0.4.18+commit.9cf6e910,v0.4.18+commit.9cf6e910,False,,e944f8ceecdc2bcd
2018-11335,,49.0,GVToken,245,0x103c3a209da59d3e7c4a89307e66521e081cfdf0,v0.4.16+commit.d7661dd9,v0.4.16+commit.d7661dd9,False,,306a493e600e02c4
2018-11411,,208.0,DimonCoin,126,0xf084d5bc3e35e3d903260267ebd545c49c6013d0,v0.4.16+commit.d7661dd9,v0.4.16+commit.d7661dd9,False,,c1b0c49f259fc6f4
2018-11429,,140.0,ATL,165,0x78b7fada55a64dd895d8c8c35779dd8b67fa8a05,v0.4.16+commit.d7661dd9,v0.4.16+commit.d7661dd9,False,,837ec433ddab4d89
2018-11446,,5.0,GRX,432,0x219218f117dc9348b358b8471c55a073e5e0da0b,v0.4.16+commit.d7661dd9,v0.4.16+commit.d7661dd9,False,,023e3f2f5b55d3e1
2018-11561,,139.0,ERC20Token,146,0x00a0cbe98e4d110b0fa82646152d77babf2951d0,v0.4.18+commit.9cf6e910,v0.4.18+commit.9cf6e910,False,,8279dd39e47aa7cc
2018-11687,,20.0,BitcoinRed,99,0x6aac8cb9861e42bf8259f5abdc6ae3ae89909e11,v0.4.18+commit.9cf6e910,v0.4.18+commit.9cf6e910,False,,1129faa91fa78674
2018-12025,,190.0,FuturXe,161,0x9653cFd0865ad8313BEA2f0C2EC0584BFd05115B,v0.4.11+commit.68ef5810,v0.4.11+commit.68ef5810,False,,b807f4ba3afe050f
2018-12062,,217.0,SwftCoin,171,0x0bb217e40f8a5cb79adf04e1aab60e5abd0dfc1e,v0.4.11+commit.68ef5810,v0.4.11+commit.68ef5810,False,,ca7944829f7d7ec7
2018-12063,,205.0,INT,180,0x0b76544f6c413a555f309bf76260d1e02377c02a,v0.4.13+commit.fb4cb1a,v0.4.13+commit.fb4cb1a,False,,c0a3771cddf7448b
2018-12067,2018-12062,,MyAdvancedToken,171,0x12480e24eb5bec1a9d4369cab6a80cad3c0a377a,v0.4.11+commit.68ef5810,v0.4.11+commit.68ef5810,False,,abba86f1c3de696e
2018-12068,2018-12062,,MyAdvancedToken,171,0xac3da587eac229c9896d919abc235ca4fd7f72c1,v0.4.11+commit.68ef5810,v0.4.11+commit.68ef5810,False,,fd246da70cfe19d7
2018-12070,,8.0,SEC,269,0xc6689eb9a6d724b8d7b1d923ffd65b7005da1b62,v0.4.18+commit.9cf6e910,v0.4.18+commit.9cf6e910,False,,03e998a9a4468152
2018-12078,,163.0,PolyAi,141,0x5121e348e897daef1eef23959ab290e5557cf274,v0.4.14+commit.c2215d46,v0.4.14+commit.c2215d46,False,,99dfa055ac1f3704
2018-12079,2018-12062,,MyAdvancedToken,171,0x12480e24eb5bec1a9d4369cab6a80cad3c0a377a,v0.4.11+commit.68ef5810,v0.4.11+commit.68ef5810,False,,abba86f1c3de696e
2018-12080,2018-12063,,INT,180,0x0b76544f6c413a555f309bf76260d1e02377c02a,v0.4.13+commit.fb4cb1a,v0.4.13+commit.fb4cb1a,False,,c0a3771cddf7448b
2018-12081,2018-12062,,MyAdvancedToken,171,0xac3da587eac229c9896d919abc235ca4fd7f72c1,v0.4.11+commit.68ef5810,v0.4.11+commit.68ef5810,False,,fd246da70cfe19d7
2018-12082,,254.0,FujintoToken,164,0x8a99ed8a1b204903ee46e733f2c1286f6d20b177,v0.4.12+commit.194ff033,v0.4.12+commit.194ff033,False,,f34fdcf295957fb1
2018-12083,,114.0,GoalToken,113,0x7b69b78cc7fee48202c208609ae6d1f78ce42e13,v0.4.18+commit.9cf6e910,v0.4.18+commit.9cf6e910,False,,6e247340ee6f3ebe
2018-12084,,29.0,BitAseanToken,149,0x2a05d22db079bc40c2f77a1d1ff703a56e631cc1,v0.4.13+commit.fb4cb1a,v0.4.13+commit.fb4cb1a,False,,1ae071df294b9264
2018-12230,2018-12025,,RemiCoin,161,0x7Dc4f41294697a7903C4027f6Ac528C5d14cd7eB,v0.4.11+commit.68ef5810,v0.4.11+commit.68ef5810,False,,29aac214fd1981c6
2018-12511,2018-12062,,MyAdvancedToken,171,0x12480E24eb5bec1a9D4369CaB6a80caD3c0A377A,v0.4.11+commit.68ef5810,v0.4.11+commit.68ef5810,False,,abba86f1c3de696e
2018-13041,,206.0,LinkToken,190,0xE2E6D4BE086c6938B53B22144855eef674281639,v0.4.8+commit.60cc1668,v0.4.8+commit.60cc1668,False,,c169046fd076cf50
2018-13068,,165.0,AzurionToken,162,0x9A7069c319E0052e071fcB437c8AA3343555dadC,v0.4.16+commit.d7661dd9,v0.4.16+commit.d7661dd9,False,,9a7ef53c877d7bbf
2018-13069,,266.0,DYC,244,0x824D83318d9637715a491B6CBb0244f55c0D5bAf,v0.4.19+commit.c4cbbb05,v0.4.19+commit.c4cbbb05,False,,facd7af4168a674d
2018-13070,,125.0,EncryptedToken,165,0x7D227Fe3C5885c3875180E03C548D09EBE1B0119,v0.4.24+commit.e67f0147,v0.4.24+commit.e67f0147,False,,768b468517c5558b
2018-13071,,106.0,CCindexToken,227,0xAb3a93b317DeF7426C8345538690036cB92A11E6,v0.4.19-nightly.2017.11.11+commit.284c3839,v0.4.19-nightly.2017.11.11+commit.284c3839,False,,5fff698a1f391de2
2018-13072,2018-12082,,Coffeecoin,164,0x9D5bd53fc23D6485A80B9879097E67a797365Ca5,v0.4.12+commit.194ff033,v0.4.12+commit.194ff033,False,,d9716406f007a421
2018-13073,,221.0,ETHEREUMBLACK,171,0xE2fA3d7B292c216390AbAd4c625d5f2524B85A1f,v0.4.17+commit.bdeb9e52,v0.4.17+commit.bdeb9e52,False,,cc6e42b445386abb
2018-13074,,28.0,FIBToken,223,0x24A45d81170005Be4f51c8a294883b394BD83412,v0.4.24+commit.e67f0147,v0.4.24+commit.e67f0147,False,,1a8d98b7be5d5d5b
2018-13075,,24.0,CarbonExchangeCoinToken,271,0x0Eb152d2bba8aF722D7E296A1F223d819C3bbB1f,v0.4.18+commit.9cf6e910,v0.4.18+commit.9cf6e910,False,,146eda65f3a0bd95
2018-13076,2018-12082,,Betcash,164,0x4D391B4350cA1C690eBaf00d35bfcDd5721470F8,v0.4.12+commit.194ff033,v0.4.12+commit.194ff033,False,,dc1ad0c03ec7f7e4
2018-13077,,211.0,CTB,195,0xb57E2EC276460a993393cA1bB2BdAe6c8170c73A,v0.4.13+commit.fb4cb1a,v0.4.13+commit.fb4cb1a,False,,c3d8ca3e2a4200c4
2018-13078,2018-12078,,Jitech,141,0xF94d0b334b2CDEaAFCd7B2796B8743fb72dbFFF1,v0.4.20+commit.3155dd80,v0.4.20+commit.3155dd80,False,,2e46741b81356cb8
2018-13079,,41.0,GoodTo,157,0x95C9C35678C0B54008b1E3A2B0eA1730Fa7dBd06,v0.4.20+commit.3155dd80,v0.4.20+commit.3155dd80,False,,27cf08a1d6e0c0fc
2018-13080,2018-12078,,Goutex,141,0xb57bB80bc676Bc1134432860bd27A9D048ABe0B0,v0.4.20+commit.3155dd80,v0.4.20+commit.3155dd80,False,,5bf0978d03e17c01
2018-13081,,191.0,GZSToken,167,0xA1f87895550EAc6a8e9E4318466F482612a5986D,v0.4.11+commit.68ef5810,v0.4.11+commit.68ef5810,False,,b810ab3837598205
2018-13082,,199.0,ModiTokenERC20,251,0x68E03D2DA62D026403C68601D650c877901876BF,v0.4.21+commit.dfe3193c,v0.4.21+commit.dfe3193c,False,,bd52f53f7e5b2b87
2018-13083,,232.0,PlazaToken,215,0x332124F226e80c3AFdBb59271f550881b20604A1,v0.4.21+commit.dfe3193c,v0.4.21+commit.dfe3193c,False,,d5b34162c9e079ca
2018-13084,,89.0,GoodTimeCoin,151,0x584a0EC8A7A3fcfEd27Db5C234A9062863883778,v0.4.21-nightly.2018.2.15+commit.f4aa05f3,v0.4.21-nightly.2018.2.15+commit.f4aa05f3,False,,53d88702d7cbc716
2018-13085,,11.0,FreeCoin,291,0xfdEA2AD97EC5297090c8d945f25a15f17f4C283d,v0.4.21+commit.dfe3193c,v0.4.21+commit.dfe3193c,False,,07e6993c5b6259d2
2018-13086,,25.0,IADOWR,171,0xC1E2097d788d33701BA3Cc2773BF67155ec93FC4,v0.4.16+commit.d7661dd9,v0.4.16+commit.d7661dd9,False,,157ed7cc6f163f88
2018-13087,2018-13069,,MyAdvancedToken,229,0x294eE9f35988aF1ce361409Cee4251a293D21f5c,v0.4.24+commit.e67f0147,v0.4.24+commit.e67f0147,False,,042a7ccfb0408b5f
2018-13088,,137.0,TokenERC20,244,0x531917942B6Bb866031aC22BB00E7838613753AC,v0.4.16+commit.d7661dd9,v0.4.16+commit.d7661dd9,False,,7f9f453243a6109e
2018-13089,,143.0,UCoinToken,250,0xaaabD58B6D94b21859F9Fc2B4E829f532283Cf69,v0.4.16+commit.d7661dd9,v0.4.16+commit.d7661dd9,False,,87bbd144f7965efb
2018-13090,2018-13069,,YiTongCoin,244,0xDf07Fa1b102c00124E96F18Ea612bbbe553f50e1,v0.4.19+commit.c4cbbb05,v0.4.19+commit.c4cbbb05,False,,80a4709de4f1a184
2018-13091,,65.0,sumocoin,202,0x524A1407223446e3BAb8819ABb3fb8348C29afEc,v0.4.18+commit.9cf6e910,v0.4.18+commit.9cf6e910,False,,3f8a7aad05745233
2018-13092,,40.0,ReimburseToken,174,0xB939C757bdFC75E28E1ae2b8c1a4640180B6087E,v0.4.18+commit.9cf6e910,v0.4.18+commit.9cf6e910,False,,27675901606d6dcd
2018-13113,,198.0,HashnodeTestCoin,142,0x0FE086d9c14C47Cdbced9F0c6648B706fE3b2527,v0.4.24-nightly.2018.5.9+commit.1e953355,v0.4.24-nightly.2018.5.9+commit.1e953355,False,,bcb7c6df470bda8a
2018-13126,,3.0,MoxyOnePresale,301,0x74fa9aa30b1b35c8f5bdb76f079c2624fc0b6498,v0.4.18+commit.9cf6e910,v0.4.18+commit.9cf6e910,False,,01bbc19d5113a91d
2018-13127,,210.0,DSPXToken,238,0x30dda19c0b94a88ed8784868ec1e9375d9f0e27c,v0.4.19+commit.c4cbbb05,v0.4.19+commit.c4cbbb05,False,,c370f8dcf94e0906
2018-13128,,186.0,ETY,193,0x0661f731f7f442a4147b87af5e77a9ecc7ed744e,v0.4.21+commit.dfe3193c,v0.4.21+commit.dfe3193c,False,,b32b2e69ab469f2c
2018-13129,,81.0,SPXToken,276,0x05aaaa829afa407d83315cded1d45eb16025910c,v0.4.19+commit.c4cbbb05,v0.4.19+commit.c4cbbb05,False,,4e4c5ae3f3b1fd91
2018-13130,,196.0,Bitotal,235,0xb334d6617dbe12fa75cc286436b7d20f8b04a4cb,v0.4.24+commit.e67f0147,v0.4.24+commit.e67f0147,False,,bbeae6c94060aca7
2018-13131,,42.0,SpadePreSale,312,0x50ca2de80e803bf4b00f188545bca959540c5582,v0.4.19+commit.c4cbbb05,v0.4.19+commit.c4cbbb05,False,,27fe6ff7bd316d27
2018-13132,,273.0,SpadeIco,403,0xfdb3c07c25f5a6879cc8b00685ed1a080c59615e,v0.4.19+commit.c4cbbb05,v0.4.19+commit.c4cbbb05,False,,feb84558229fa49e
2018-13144,,82.0,HumanStandardToken,103,0xC1ca4E6FA2d888168a34a3429Bf186BcD9b475A0,v0.4.24+commit.e67f0147,v0.4.24+commit.e67f0147,False,,4e9baf6ce5fefc23
2018-13145,,122.0,JavaSwapTest,230,0x4868d191a23428Fa9ACa36a3d0f1421f33D12226,v0.4.24+commit.e67f0147,v0.4.24+commit.e67f0147,False,,754cdac2e115cff8
2018-13146,,14.0,LEF,103,0x54F61B89A0BAC15c88c6BdDF41573DDc1bA5bF6D,v0.4.24+commit.e67f0147,v0.4.24+commit.e67f0147,False,,0ac0b163c524ded6
2018-13155,,192.0,GEMCHAIN,279,0xfb340423dfac531b801d7586c98fe31e12a32f31,v0.4.18+commit.9cf6e910,v0.4.18+commit.9cf6e910,False,,b961b936d57e3a28
2018-13156,,46.0,bonusToken,376,0x362dcc7187cf0c47be45695549c6b4fb96c08875,v0.4.17+commit.bdeb9e52,v0.4.17+commit.bdeb9e52,False,,2c0f869e1a1a1aa3
2018-13157,2018-13069,,CryptonitexCoin,244,0x2c0c06dae6bc7d7d7d8b0d67a1f1a47d6165e373,v0.4.20-nightly.2018.1.17+commit.4715167e,v0.4.20-nightly.2018.1.17+commit.4715167e,False,,2ae5a290f2f21ba2
2018-13158,,212.0,AssetToken,110,0x6248211b830ce0191c7643b19f5ddb059e018672,v0.4.11+commit.68ef5810,v0.4.11+commit.68ef5810,False,,c4e32fdfccb201b2
2018-13159,2018-13091,,bankcoin,202,0xf3836bc7415dfb67b4bf8427e37705b1a81e1173,v0.4.18+commit.9cf6e910,v0.4.18+commit.9cf6e910,False,,776330494fd657fb
2018-13160,2018-13091,,etktokens,202,0xce58d27fd266e63c4055ce1b77c6fd6e0a74190b,v0.4.18+commit.9cf6e910,v0.4.18+commit.9cf6e910,False,,050f98a202ed48fc
2018-13161,2018-13089,,MultiGamesToken,250,0x52a5e1a56a124dce84e548ff96122246e46d599f,v0.4.19+commit.c4cbbb05,v0.4.19+commit.c4cbbb05,False,,eda53c454cd7c2dc
2018-13162,2018-13091,,ALEX,202,0x04ed15fa8c47778589c1bf3451e0de25c1eed3ae,v0.4.18+commit.9cf6e910,v0.4.18+commit.9cf6e910,False,,f32a73c001472014
2018-13163,,220.0,EthernetCash,264,0x039f5050de4908f9b5ddf40a4f3aa3f329086387,v0.4.24-nightly.2018.4.27+commit.1604a996,v0.4.24-nightly.2018.4.27+commit.1604a996,False,,cc324312a36e1a74
2018-13164,,173.0,MyEPPToken,239,0x759981e5af7661836d305f71779690808c1de51f,v0.4.19+commit.c4cbbb05,v0.4.19+commit.c4cbbb05,False,,a322661742e8482b
2018-13165,,72.0,JustDCoin,463,0x4f083C2F2d8f9b6702Fe89117961f34d12AE1787,v0.4.18+commit.9cf6e910,v0.4.18+commit.9cf6e910,False,,4540f2fb618c2e9e
2018-13166,,264.0,AthletiCoin,165,0xf21dd3a97e0e767d5b2d79396a61276fa9e27f4b,v0.4.24+commit.e67f0147,v0.4.24+commit.e67f0147,False,,f9f87f502dbab686
2018-13167,,178.0,ygo,122,0xbab6f30c81209433a3ced28ca8e19256440547d9,v0.4.24+commit.e67f0147,v0.4.24+commit.e67f0147,False,,aa08ad97abf563d2
2018-13168,2018-13167,,NetkillerBatchToken,130,0x663aa8Fa46e4Ed867a3A8945422031ec2482CE13,v0.4.24+commit.e67f0147,v0.4.24+commit.e67f0147,False,,2c8000d9478ef01a
2018-13169,,215.0,Ethereum_Cash_Pro_Coin,263,0x07E040D474a584cD2E7e4A819fA18420BeB5Eb4f,v0.4.20+commit.3155dd80,v0.4.20+commit.3155dd80,False,,c883a80d46154636
2018-13170,2018-13083,,SnoqualmieCoin,220,0x801dd252e6B185c56b6e868f46a94D2896A80476,v0.4.21+commit.dfe3193c,v0.4.21+commit.dfe3193c,False,,d3ec69071caf5a58
2018-13171,,31.0,LadaToken,250,0xb463ffd52534720186eb18b3b90a94bf12d61619,v0.4.24+commit.e67f0147,v0.4.24+commit.e67f0147,False,,1c59363d6a803a92
2018-13172,2018-13091,,bzxcoin,202,0x70838403ecc194b73e50b70a177b2ef413a2f421,v0.4.18+commit.9cf6e910,v0.4.18+commit.9cf6e910,False,,ddab0d25eeac11ae
2018-13173,,236.0,EliteShipperToken,264,0x06bead2ead661b51307b646f7419d5284330c135,v0.4.24+commit.e67f0147,v0.4.24+commit.e67f0147,False,,dc1ac94393d78c86
2018-13174,2018-13091,,CryptoABS,202,0x8ce9411df545d6b51a9bc52a89e0f6d1b54a06dd,v0.4.18+commit.9cf6e910,v0.4.18+commit.9cf6e910,False,,5d18cbdf2ecd31c1
2018-13175,,227.0,AIChain,204,0xb57aff26bbb822c06e81f194ec5ca29319d6d7b4,v0.4.24+commit.e67f0147,v0.4.24+commit.e67f0147,False,,d35f8948f349490c
2018-13176,2018-13069,,TrustZen,245,0x0a9Aa2003215BfBc6caf9a49256e9F4EC42b3c3D,v0.4.20-nightly.2018.1.15+commit.14fcbd65,v0.4.20-nightly.2018.1.15+commit.14fcbd65,False,,0b91f8044563936b
2018-13177,,172.0,MiningRigRentalsToken,193,0x5d4df6dd12fc56a31e2550efd6414e47a676ecef,v0.4.21+commit.dfe3193c,v0.4.21+commit.dfe3193c,False,,a310a6b1cf29dc2c
2018-13178,,239.0,ECPoints,292,0x03271480700a7e3BDE7801c03Ab33D3834806f0B,v0.4.23+commit.124ca40d,v0.4.23+commit.124ca40d,False,,e0f70447e769ac81
2018-13179,2018-13081,,AirContactToken,167,0x9Cc3AFa655fbdD796b60c171C5aBe2Be5306599D,v0.4.11+commit.68ef5810,v0.4.11+commit.68ef5810,False,,998ffe76b416b12b
2018-13180,2018-13069,,IMMCoin,251,0xE42Ba5558b00d2E6109CC60412d5D4c9473FE998,v0.4.18+commit.9cf6e910,v0.4.18+commit.9cf6e910,False,,4d186ad57a81f7c8
2018-13181,,4.0,CoinTroops,137,0xd2ec8b2028d8e6074193ea314371ba0ae2f4db53,v0.4.23+commit.124ca40d,v0.4.23+commit.124ca40d,False,,01c2258bf0f526e1
2018-13182,2018-13091,,loncoin,202,0x25a9ebaa3d391448c2e9b9d5d7be0c7e52873489,v0.4.18+commit.9cf6e910,v0.4.18+commit.9cf6e910,False,,f9908cd7868511b4
2018-13183,,15.0,JWCToken,915,0x8fea6eb21213f311e1316330533d12d28a3b6e67,v0.4.18+commit.9cf6e910,v0.4.18+commit.9cf6e910,False,,0b95a70600dcea07
2018-13184,2018-13081,,TravelZediToken,165,0xA8Ff79ae4D596341915C93DFC26fC3B5BC96b743,v0.4.11+commit.68ef5810,v0.4.11+commit.68ef5810,False,,40bb5887b50af52d
2018-13185,2018-13091,,appcoins,202,0x01a0939b719213aabcaa075066fb4b0fb88bae56,v0.4.18+commit.9cf6e910,v0.4.18+commit.9cf6e910,False,,fe1d1a140d460f62
2018-13186,2018-13069,,MMTCoinToken,244,0xae6d996aA4cf10db1c3a1027b75e7e3bF34a39D2,v0.4.18+commit.9cf6e910,v0.4.18+commit.9cf6e910,False,,5a53115f0148b6a3
2018-13187,,185.0,CIBNLiveInteractiveToken,287,0x8b801af263b32A118575FC85e44fa05a2e8F6B36,v0.4.21+commit.dfe3193c,v0.4.21+commit.dfe3193c,False,,b2f47222765291ac
2018-13188,,270.0,MyBoToken,183,0x3AC96Bbe8b60D715fD818B3FE242EdF9dEF20571,v0.4.11+commit.68ef5810,v0.4.11+commit.68ef5810,False,,fd527d9e3da20461
2018-13189,,83.0,UNLB,335,0x4b319ce02bdc8977fb39fa70c49258a1a7c27d9b,v0.4.18+commit.9cf6e910,v0.4.18+commit.9cf6e910,False,,4ec38c48d2c93af4
2018-13190,2018-13175,,DVChain,204,0xaa164f56a3d2980223d9b72a41c885782e341c0a,v0.4.24+commit.e67f0147,v0.4.24+commit.e67f0147,False,,4b5edb1ffddd22b8
2018-13191,2018-13187,,SuperCarbonCoinToken,287,0xcd2DDEc1150Ded7A28834169683A0DBc93a782c2,v0.4.21+commit.dfe3193c,v0.4.21+commit.dfe3193c,False,,e80b0aba46cdba11
2018-13192,2018-13091,,Jobscoin,202,0x54920ecbaadb81cfcd12cf3f8d971686fe95b269,v0.4.18+commit.9cf6e910,v0.4.18+commit.9cf6e910,False,,9f8da5fa597c83be
2018-13193,2018-13091,,hentaisolo,202,0x733172c38a6956206c9d4a902fd8a045c7f822f0,v0.4.18+commit.9cf6e910,v0.4.18+commit.9cf6e910,False,,19bf62eda15184e6
2018-13194,,130.0,TTCoin,173,0xd59b961d5be7ae59486cf4431cbd5534c9ef4f0d,v0.4.21+commit.dfe3193c,v0.4.21+commit.dfe3193c,False,,7973f4c0b26d85e4
2018-13195,2018-13069,,CranooAdvanced,244,0xc2c74F6eA632A6beB1F55b4171CCD608e0575C3B,v0.4.18+commit.9cf6e910,v0.4.18+commit.9cf6e910,False,,7d5ab68eed156938
2018-13196,,26.0,TSwap,177,0x125C0260FeeC92471d1A144F3cDCE185a565f374,v0.4.6+commit.2dabbdf0,v0.4.6+commit.2dabbdf0,False,,15f2fc3908107982
2018-13197,,244.0,WelfareTokenFund,183,0x83b6aD8E37Ab7A4F71da533A35271484270EC6c2,v0.4.9+commit.364da425,v0.4.9+commit.364da425,False,,e893171c28793c0a
2018-13198,,17.0,STE,517,0xeba49ddea9f59f0a80ecbb1fb7a585ce0bfe5a5e,v0.4.18+commit.9cf6e910,v0.4.18+commit.9cf6e910,False,,0d9becd2082062a5
2018-13199,2018-13073,,ETHEREUMBLACK,171,0xE2fA3d7B292c216390AbAd4c625d5f2524B85A1f,v0.4.17+commit.bdeb9e52,v0.4.17+commit.bdeb9e52,False,,cc6e42b445386abb
2018-13200,,23.0,ProgressiveToken,246,0xa4F061Ad427d0dcD51f511e639baB0A3497E428D,v0.4.21+commit.dfe3193c,v0.4.21+commit.dfe3193c,False,,129eda1c7dcff975
2018-13201,,63.0,MyAdvancedToken7,125,0x223499d60fE7E3Dc5339e8219e708D18bfc2E6Fe,v0.4.13+commit.fb4cb1a,v0.4.13+commit.fb4cb1a,False,,3e6086537fa24482
2018-13202,2018-13188,,MyBoToken,183,0x3AC96Bbe8b60D715fD818B3FE242EdF9dEF20571,v0.4.11+commit.68ef5810,v0.4.11+commit.68ef5810,False,,fd527d9e3da20461
2018-13203,,73.0,AirSwapToken,300,0x27054b13b1b798b345b591a4d22e6562d47ea75a,v0.4.17+commit.bdeb9e52,v0.4.17+commit.bdeb9e52,False,,458e8056e94e9bbe
2018-13204,2018-13073,,ETHERCASH,171,0xd7cf04472739aaa2565af739e2e1d08f99ec8981,v0.4.17+commit.bdeb9e52,v0.4.17+commit.bdeb9e52,False,,16de7090ab15ac09
2018-13205,,50.0,Ohni,228,0x6f539a9456a5bcb6334a1a41207c3788f5825207,v0.4.21+commit.dfe3193c,v0.4.21+commit.dfe3193c,False,,316f5abf0947f46a
2018-13206,,33.0,PVE,201,0x1FF56987B459d1Bc67A89879d00448F3de46e12D,v0.4.17+commit.bdeb9e52,v0.4.17+commit.bdeb9e52,False,,1fd092f2552dbc13
2018-13207,2018-13073,,PornCoin,171,0xc310755f88145cabcaa06c714cd668b5465dceaa,v0.4.17+commit.bdeb9e52,v0.4.17+commit.bdeb9e52,False,,7b7e4e6e114b4275
2018-13208,2018-13073,,MoneyTreeToken,171,0x070C9244a54353a0F9c43670b21856Df2CC4e439,v0.4.17+commit.bdeb9e52,v0.4.17+commit.bdeb9e52,False,,ef6aed44806c4622
2018-13209,2018-13073,,NectarCoin,171,0x5e0D4C7713914d17989Ff5Bcdfa5583dD714e65F,v0.4.17+commit.bdeb9e52,v0.4.17+commit.bdeb9e52,False,,b90b867129d659da
2018-13210,,267.0,ProvidenceCasinoToken,239,0x50584a9bdfab54b82e620b8a14cc082b07886841,v0.4.17+commit.bdeb9e52,v0.4.17+commit.bdeb9e52,False,,fb9c6f39c0b4783a
2018-13212,,131.0,EthereumLegit,171,0xbaf9d121d6447b19e95f48fad834a0dff1a92691,v0.4.19-nightly.2017.11.11+commit.284c3839,v0.4.19-nightly.2017.11.11+commit.284c3839,False,,79a5aef6c96eb73d
2018-13213,,35.0,TravelCoinToken,298,0x23CB17d7D079518dBfF4FeBb6efCc0dE58d8c984,v0.4.16+commit.d7661dd9,v0.4.16+commit.d7661dd9,False,,220130cbf14358c9
2018-13214,,112.0,GMile,1,0x8ba49452e12449240425de9895b1aa51f5f3b90d,v0.4.10+commit.f0d539ae,v0.4.10+commit.f0d539ae,False,,6793cbcf6e312719
2018-13215,,201.0,cashBackMintable,204,0xB5bfe2803e37525aC9F16A60f208b1C33c878347,v0.4.18+commit.9cf6e910,v0.4.18+commit.9cf6e910,False,,bec4d028c888a0d7
2018-13216,,187.0,GreenMed,126,0xb444208cB0516C150178fCf9a52604BC04A1aCEa,v0.4.18+commit.9cf6e910,v0.4.18+commit.9cf6e910,False,,b40a278e5988af9e
2018-13217,,197.0,VornoxCoinToken,444,0x2cbd64273066bc181c792eaacdc8e5e522ef94d7,v0.4.17+commit.bdeb9e52,v0.4.17+commit.bdeb9e52,False,,bc8acb7f90866f46
2018-13218,2018-13073,,ICODollar,171,0x7dFc425c0425D69CA577d76c6D53A26A6C2CC0ac,v0.4.19-nightly.2017.11.11+commit.284c3839,v0.4.19-nightly.2017.11.11+commit.284c3839,False,,5a435bd10fca8d49
2018-13219,,93.0,ETH033,206,0xa47178Da1119218Bc2A8dd9e3251ee89b7c7E7f0,v0.4.13+commit.fb4cb1a,v0.4.13+commit.fb4cb1a,False,,57dde9e88a7a730d
2018-13220,2018-12062,,MAVCash,171,0x61dc161B06088b9cbaaD53391134929A83D1EB7A,v0.4.11+commit.68ef5810,v0.4.11+commit.68ef5810,False,,ed890691a9052409
2018-13221,,150.0,ExtremeToken,186,0xFf1560afEF58be59b11C72734ad1d89db63e4E71,v0.4.14+commit.c2215d46,v0.4.14+commit.c2215d46,False,,8cbebcd53f6943be
2018-13222,2018-12062,,ObjectToken,176,0x868326eFCA6e89F75a76D141167759f1AD10854C,v0.4.11+commit.68ef5810,v0.4.11+commit.68ef5810,False,,1a2cdf48154d53e3
2018-13223,,108.0,RTokenMain,172,0x79BA6302bdB1c601A54b656E23a5Bc3A2d5914b3,v0.4.8+commit.60cc1668,v0.4.8+commit.60cc1668,False,,65261d0da0c8df3e
2018-13224,2018-13088,,VEU_TokenERC20,244,0x70807fa9343ee3d7d6e9d8602bf3ca867cc86479,v0.4.19+commit.c4cbbb05,v0.4.19+commit.c4cbbb05,False,,fe882fd36a225f3b
2018-13225,,258.0,MyYLCToken,181,0x9f03d94bf3545153cb28014bC7D1e7177cA99034,v0.4.13+commit.fb4cb1a,v0.4.13+commit.fb4cb1a,False,,f5ff9a3bb2ae34fc
2018-13226,2018-13225,,MyYLCToken,181,0x9f03d94bf3545153cb28014bc7d1e7177ca99034,v0.4.13+commit.fb4cb1a,v0.4.13+commit.fb4cb1a,False,,f5ff9a3bb2ae34fc
2018-13227,2018-13073,,MoneyChainNetToken,172,0x77727EF417696F95A10652cF2d02d6421DDA5048,v0.4.17+commit.bdeb9e52,v0.4.17+commit.bdeb9e52,False,,88179659b839ae46
2018-13228,2018-13073,,Crowdnext,171,0xc52694e7832594f2aaf2536c777024fb5c1ae9da,v0.4.19-nightly.2017.11.11+commit.284c3839,v0.4.19-nightly.2017.11.11+commit.284c3839,False,,fd74e7f97a8091ba
2018-13229,2018-13073,,RiptideCoin,172,0xdd007278b667f6bef52fd0a4c23604aa1f96039a,v0.4.16+commit.d7661dd9,v0.4.16+commit.d7661dd9,False,,0eefb140bc67e223
2018-13230,2018-13073,,DestiNeedToken,171,0xdFF8e7f5496D1e1A4Af3497Cb4712017a9C65442,v0.4.17+commit.bdeb9e52,v0.4.17+commit.bdeb9e52,False,,77390a53fe8f9e41
2018-13231,2018-13073,,EnterToken,171,0xb1bd9e21ccbec1102e61e6613bdd018eaa24c77b,v0.4.16+commit.d7661dd9,v0.4.16+commit.d7661dd9,False,,3a15785b3501aa61
2018-13232,2018-13073,,EnterCoin,171,0x08e836f7d4804d39e798b6459fa54543f260d4c0,v0.4.16+commit.d7661dd9,v0.4.16+commit.d7661dd9,False,,6ab79583707646df
2018-13325,,216.0,GrowToken,176,0x0a9A9ce600D08BF9b76F49FA4e7b38A67EBEB1E6,v0.4.18+commit.9cf6e910,v0.4.18+commit.9cf6e910,False,,c90bcd0ce958617c
2018-13326,,240.0,Bittelux,135,0x39D131bdD76e6D53FAbBBD5fa31E98F1d92b27AC,v0.4.24+commit.e67f0147,v0.4.24+commit.e67f0147,False,,e4b752fbbac6361c
2018-13327,,246.0,ChuCunLingAIGO,92,0x687D9d6839817db4574AED33f45647109DFe9C2d,v0.4.18+commit.9cf6e910,v0.4.18+commit.9cf6e910,False,,e9acb9f9429297aa
2018-13328,,194.0,PFG,104,0xa2c4f961b93fc7bc200d2c8e55b6fe6958366787,v0.4.25-nightly.2018.5.17+commit.4aa2f036,v0.4.25-nightly.2018.5.17+commit.4aa2f036,False,,ba37d4f12b10702f
2018-13462,2018-13069,,MoonToken,246,0x63a38225fa56f09201070c2898175f60a1811b58,v0.4.24+commit.e67f0147,v0.4.24+commit.e67f0147,False,,5910c7fce7b513bb
2018-13463,2018-13196,,TSwap,177,0x125C0260FeeC92471d1A144F3cDCE185a565f374,v0.4.6+commit.2dabbdf0,v0.4.6+commit.2dabbdf0,False,,15f2fc3908107982
2018-13464,,59.0,t_swap,194,0x77eec19c8ba79b1c7c79311ec810cbf88d924751,v0.4.6+commit.2dabbdf0,v0.4.6+commit.2dabbdf0,False,,39eba34f09f0054c
2018-13465,,67.0,PaulyCoin,177,0x3a3bd8d493df4245caeed007c664240d757a6298,v0.4.18+commit.9cf6e910,v0.4.18+commit.9cf6e910,False,,40ea9be2679a4d68
2018-13466,2018-13091,,Crystals,202,0x1b09cd594ddeaa336564dd24fe6ef43688f27c62,v0.4.18+commit.9cf6e910,v0.4.18+commit.9cf6e910,False,,e8759070f9754b48
2018-13467,2018-13069,,EpiphanyCoin,244,0x1b413506fc42e2f04a4e8c57710f850b234d6653,v0.4.20-nightly.2018.1.19+commit.eba46a65,v0.4.20-nightly.2018.1.19+commit.eba46a65,False,,255d088a120d8546
2018-13468,2018-13091,,Cavecoin,202,0x7c2dcd52815b16e1cbda441b45915dc03b5ab3eb,v0.4.18+commit.9cf6e910,v0.4.18+commit.9cf6e910,False,,747288f40da39161
2018-13469,,101.0,IcoContract,315,0xaad9c02e937cfc36af78754ce5ca8fa4809f2232,v0.4.16+commit.d7661dd9,v0.4.16+commit.d7661dd9,False,,5e1c4ae057e7365e
2018-13470,,153.0,BuyerToken,130,0x18429dedafbb65443edf60402294df5c01aee1da,v0.4.6+commit.2dabbdf0,v0.4.6+commit.2dabbdf0,False,,932ce24f4cdb4c37
2018-13471,2018-13088,,BeyondCashToken,244,0x8d15798fc8e90f490daa4e4b53d30ffed2162c63,v0.4.20-nightly.2018.1.6+commit.2548228b,v0.4.20-nightly.2018.1.6+commit.2548228b,False,,5daf1e6d15fb0f75
2018-13472,,268.0,CloutToken,304,0xf9ad45ab49ba5583728da619305ad126e4675416,v0.4.17+commit.bdeb9e52,v0.4.17+commit.bdeb9e52,False,,fc5061549ea30d2f
2018-13473,2018-13205,,Ohni,228,0x6f539a9456a5bcb6334a1a41207c3788f5825207,v0.4.21+commit.dfe3193c,v0.4.21+commit.dfe3193c,False,,316f5abf0947f46a
2018-13474,,32.0,FansChainToken,310,0xF352D33dC7e5828F47f3DbF7e6d30F8D3f9aA60C,v0.4.18+commit.9cf6e910,v0.4.18+commit.9cf6e910,False,,1f8b829961f0d0a4
2018-13475,,44.0,VSCToken,235,0x826020e146be225776a433d1fa301962be6784f5,v0.4.20-nightly.2018.1.6+commit.2548228b,v0.4.20-nightly.2018.1.6+commit.2548228b,False,,2a7f7653c7d92df6
2018-13476,,202.0,PhilCoin,47,0x0a284444a2787483add9b81fa825030d53916f5a,v0.4.18+commit.9cf6e910,v0.4.18+commit.9cf6e910,False,,bf1ca3d0ef04dc15
2018-13477,,224.0,CTESale,473,0xa6ba0aa61ccd254fd92d548dfe87d06533649c12,v0.4.20-nightly.2017.12.20+commit.efc198d5,v0.4.20-nightly.2017.12.20+commit.efc198d5,False,,d1a75f3de0e15f5e
2018-13478,2018-13475,,DMPToken,235,0xde0df6633389e6ba997c6db843c5d4dd3f378b6f,v0.4.20-nightly.2017.12.20+commit.efc198d5,v0.4.20-nightly.2017.12.20+commit.efc198d5,False,,0e63c1f329378ee3
2018-13479,,126.0,SlidebitsToken,243,0xb7fe7b2b723020cf668db4f78992d10f81990fc4,v0.4.19+commit.c4cbbb05,v0.4.19+commit.c4cbbb05,False,,7698a885ba39d9b7
2018-13480,,77.0,QRG,244,0xffaa5ffc455d9131f8a2713a741fd1960330508b,v0.4.23+commit.124ca40d,v0.4.23+commit.124ca40d,False,,4b2559c49b04b8a0
2018-13481,,127.0,TRIUMLAND,79,0x1D1b856d7eaC4D6dc3ADA061d171C4c0C3cd6513,v0.4.11+commit.68ef5810,v0.4.11+commit.68ef5810,False,,779b0af85b8bfa31
2018-13482,2018-13073,,ETHERCASH,171,0xd7cf04472739aaa2565af739e2e1d08f99ec8981,v0.4.17+commit.bdeb9e52,v0.4.17+commit.bdeb9e52,False,,16de7090ab15ac09
2018-13483,,249.0,mkethToken,120,0x011ea78cadd45e578bfe8e6897a4c29f84821c47,v0.4.20+commit.3155dd80,v0.4.20+commit.3155dd80,False,,ed26645137dbb233
2018-13484,2018-13069,,CBRToken,251,0x7e750348983e17267dfbe939dfa008b25fd07459,v0.4.16+commit.d7661dd9,v0.4.16+commit.d7661dd9,False,,e11212184d803ffd
2018-13485,2018-13164,,BitcoinAgileToken,233,0x580c1e3caca14826976b5820947f7ad486ac174d,v0.4.16+commit.d7661dd9,v0.4.16+commit.d7661dd9,False,,d8df4a7e011b1565
2018-13486,2018-13481,,HELP,79,0xE8C5E942B76099C0C6D78271BAd3ca002fA7c531,v0.4.11+commit.68ef5810,v0.4.11+commit.68ef5810,False,,cbe97f6dd023806a
2018-13487,,90.0,PlatoToken,141,0x990da731331aE62c3e8f3f73cB4ebeb6F082Bc7c,v0.4.13+commit.fb4cb1a,v0.4.13+commit.fb4cb1a,False,,5413799c13f3126c
2018-13488,,135.0,CAST,115,0xe5087387099178dbb093394d261191160fe8700b,v0.4.21+commit.dfe3193c,v0.4.21+commit.dfe3193c,False,,7e34c74dea010e26
2018-13489,,261.0,OllisCoin,211,0x1db7f8171d82f9fc009f207cd80dd00a54b77560,v0.4.19-nightly.2017.11.30+commit.f5a2508e,v0.4.19-nightly.2017.11.30+commit.f5a2508e,False,,f6f84daaabec4328
2018-13490,2018-13069,,FILM,244,0x66b11115e070269d65400ea359a72d643804cc2f,v0.4.18+commit.9cf6e910,v0.4.18+commit.9cf6e910,False,,756bbfe4428c92e5
2018-13491,2018-13069,,Carrot,244,0x5e7d863CcE445cfA89D297929159344e75F77017,v0.4.20-nightly.2018.1.6+commit.2548228b,v0.4.20-nightly.2018.1.6+commit.2548228b,False,,fc56fe49bb206d68
2018-13492,2018-13091,,naga,202,0x262a02a7de2124ca49ea98d55a3ed723fa605615,v0.4.18+commit.9cf6e910,v0.4.18+commit.9cf6e910,False,,b9cd9b9908dc061e
2018-13493,,168.0,DaddyToken,344,0x81a9ebfdcd87cd291eb5e5260901a898df3bdafd,v0.4.16+commit.d7661dd9,v0.4.16+commit.d7661dd9,False,,9e06875d2f43793d
2018-13494,,243.0,SusanTokenERC20,132,0xe123d4103e14edd84bfc2158f8d55c1c43f9efc3,v0.4.20+commit.3155dd80,v0.4.20+commit.3155dd80,False,,e7d47713171b8d5a
2018-13495,2018-13475,,KMCToken,235,0x3ddd6a5dc87798285d43515832c17cbff141ad28,v0.4.21-nightly.2018.2.28+commit.ac5485a2,v0.4.21-nightly.2018.2.28+commit.ac5485a2,False,,0207c5ebc4226d8e
2018-13496,,160.0,RajTestICO,303,0x06f726f750dd2a140a3f3bbe1fa58b624b361a33,v0.4.21+commit.dfe3193c,v0.4.21+commit.dfe3193c,False,,982ebd2b688fb267
2018-13497,,117.0,COBToken,267,0x0cb04783732bcfd6c5d44c166d71d97a50a257e5,v0.4.24+commit.e67f0147,v0.4.24+commit.e67f0147,False,,6f76d47ee90d9bd3
2018-13498,2018-13175,,KAPAYcoin,204,0xbe9d853914fb4d7bc189a918183c835aca98cdb6,v0.4.24+commit.e67f0147,v0.4.24+commit.e67f0147,False,,54b9ee5182b063f4
2018-13499,,103.0,PCNCrowdsale,383,0x090b60abc45e2af60eb058a4c7f25574a1c6ae4a,v0.4.25-nightly.2018.6.22+commit.9b67bdb3,v0.4.25-nightly.2018.6.22+commit.9b67bdb3,False,,5eaeb534aacfec10
2018-13500,,169.0,MSXAdvanced,202,0x4e6b294e9cbe702f76a34949cf1674961211e5fc,v0.4.21+commit.dfe3193c,v0.4.21+commit.dfe3193c,False,,a0fbda5ebfa0c754
2018-13501,,13.0,HRWtoken,124,0x8cbe659dcf03388ad6098b0bea656b0f2e4011ba,v0.4.15+commit.bbb8e64f,v0.4.15+commit.bbb8e64f,False,,09c868d09b65547b
2018-13502,2018-13163,,HeliumNetwork,258,0xb7ade180e00237ce27845a0afc4986b852d443b8,v0.4.25-nightly.2018.6.8+commit.81c5a6e4,v0.4.25-nightly.2018.6.8+commit.81c5a6e4,False,,72d65c6c29dd45f7
2018-13503,,109.0,TokenTokenCoin,300,0xb9Ac80921B150969dad3F239B0E1D9Fb5da29035,v0.4.20-nightly.2018.1.29+commit.a668b9de,v0.4.20-nightly.2018.1.29+commit.a668b9de,False,,65c15e482808f369
2018-13504,2018-13069,,IMMCoin,251,0xe42ba5558b00d2e6109cc60412d5d4c9473fe998,v0.4.18+commit.9cf6e910,v0.4.18+commit.9cf6e910,False,,4d186ad57a81f7c8
2018-13505,2018-13091,,ecogreenhouse,202,0xfb07cd636d26b660c8599e5778b6a2bfbb5f0ee9,v0.4.18+commit.9cf6e910,v0.4.18+commit.9cf6e910,False,,7664d668bf7ebc36
2018-13506,,96.0,SDR22,250,0x001b6e5c7322899355eb65486e8cbb7dbbf19127,v0.4.18+commit.9cf6e910,v0.4.18+commit.9cf6e910,False,,5a5a8c3ad316f214
2018-13507,2018-13069,,SLCAdvancedToken,248,0xcf1c5b13631cd64786f33b071bf632704d4397d4,v0.4.16+commit.d7661dd9,v0.4.16+commit.d7661dd9,False,,4712ebc6c13fa373
2018-13508,,115.0,VITToken,787,0x23b75bc7aaf28e2d6628c3f424b3882f8f072a3c,v0.4.18+commit.9cf6e910,v0.4.18+commit.9cf6e910,False,,6ec3726ba719a08a
2018-13509,,222.0,IamRich,229,0x1d8ed4b0a3147ed17ea09582b46e0c9635396720,v0.4.19+commit.c4cbbb05,v0.4.19+commit.c4cbbb05,False,,cda4b0a271bbf041
2018-13510,2018-13197,,WelfareTokenFund,183,0x83b6aD8E37Ab7A4F71da533A35271484270EC6c2,v0.4.9+commit.364da425,v0.4.9+commit.364da425,False,,e893171c28793c0a
2018-13511,2018-13083,,CorelliCoin,220,0x848a4afd7b2d0979bd9b97f5bf6874c07ea95037,v0.4.21+commit.dfe3193c,v0.4.21+commit.dfe3193c,False,,458bcf9626aa86a2
2018-13512,2018-13083,,SmartHomeCoin,220,0x5b527c8cc72ea4b8681e44754be6248b107c5229,v0.4.19+commit.c4cbbb05,v0.4.19+commit.c4cbbb05,False,,8e7a82e10f6c7662
2018-13513,2018-13069,,Ubiou,244,0x8361638cf6ee3d6587f8435523cbeffd23b826ff,v0.4.24-nightly.2018.5.10+commit.85d417a8,v0.4.24-nightly.2018.5.10+commit.85d417a8,False,,3136c88366152467
2018-13514,2018-13091,,esportz,202,0x5fe56bfa37217bd8a2879c15c85ed7a894edf5a6,v0.4.18+commit.9cf6e910,v0.4.18+commit.9cf6e910,False,,5254869365fb8f91
2018-13515,2018-13091,,aman,202,0x3890a555528b00178d8ff87f30d0531ad5e3aed7,v0.4.18+commit.9cf6e910,v0.4.18+commit.9cf6e910,False,,f0f77d6eb8e064c4
2018-13516,,203.0,SCAMCoin,156,0x88EdED8712C5eA071C56284A2078336a551E4EdA,v0.4.19+commit.c4cbbb05,v0.4.19+commit.c4cbbb05,False,,bf953ffea7687f46
2018-13517,,145.0,C3_TokenCreate,228,0x2d1fbbd6F82738CA00b09024A81E12A8816A22bC,v0.4.24-nightly.2018.5.11+commit.43803b1a,v0.4.24-nightly.2018.5.11+commit.43803b1a,False,,89555f612dba30a3
2018-13518,2018-13069,,TCash,245,0xf4555ccf9f069366b0a9b847e4f23f978cfe74c0,v0.4.19+commit.c4cbbb05,v0.4.19+commit.c4cbbb05,False,,95b5eb42185cb5f6
2018-13519,,56.0,DigitalCloudToken,240,0x9502ff0048cc83b56a9c9e579d6ff5ac60497d18,v0.4.19+commit.c4cbbb05,v0.4.19+commit.c4cbbb05,False,,37d57e32d723560b
2018-13520,,39.0,TopscoinAdvanced,177,0x8d3b41db8265f3f96ffc68d261a332a6b11ef06c,v0.4.19+commit.c4cbbb05,v0.4.19+commit.c4cbbb05,False,,274437e98a0382c0
2018-13521,,99.0,PinkyToken,205,0xd317ff47dc7e1423e5e050870a66332833e5fd88,v0.4.18+commit.9cf6e910,v0.4.18+commit.9cf6e910,False,,5cea472a8f9b9a8d
2018-13522,,120.0,EXGROUP,212,0xa7a3de21f9505eaa8a4d34ae2d5497f8d5df35c2,v0.4.19-nightly.2017.11.11+commit.284c3839,v0.4.19-nightly.2017.11.11+commit.284c3839,False,,736c0543628eb7ea
2018-13523,,193.0,SmartPayment,240,0x5c4e3dbca1dea91d26ace342dbe9e3ad7e5d3ccf,v0.4.19-nightly.2017.11.11+commit.284c3839,v0.4.19-nightly.2017.11.11+commit.284c3839,False,,b9d6ba5144b398d6
2018-13524,2018-13073,,PornCoin,171,0xc310755f88145cabcaa06c714cd668b5465dceaa,v0.4.17+commit.bdeb9e52,v0.4.17+commit.bdeb9e52,False,,7b7e4e6e114b4275
2018-13525,,95.0,CryptoFlowerRaiser,1005,0x90c2698721f9b96f23501f7a279137829cfc73b0,v0.4.24+commit.e67f0147,v0.4.24+commit.e67f0147,False,,599c41ba8dca0485
2018-13526,,238.0,WangWangToken,303,0x47ced6e2c88355c75fedcbc1056bee39c25b4edf,v0.4.21-nightly.2018.2.14+commit.bb3b327c,v0.4.21-nightly.2018.2.14+commit.bb3b327c,False,,df55a234cdb50113
2018-13527,,162.0,ElevateCoin,268,0x19c324EE97bedf04b71D9907102381246D307e65,v0.4.17+commit.bdeb9e52,v0.4.17+commit.bdeb9e52,False,,9975b223061881bd
2018-13528,2018-13069,,DhaCoin,244,0xaA70bC3e835e12D6902a8E4dA77db4842e519c42,v0.4.21+commit.dfe3193c,v0.4.21+commit.dfe3193c,False,,cd1deddaa2850fd6
2018-13529,2018-13069,,BetterThanAdrien,244,0x4102c1d4081a8b5e1757fce8adfeeacbe5d47261,v0.4.23+commit.124ca40d,v0.4.23+commit.124ca40d,False,,f6b542a2cebe7ea9
2018-13530,,138.0,HunterCoin,83,0x248044753872e64c288b35b0e71e8b29222e3ab8,v0.4.15+commit.bbb8e64f,v0.4.15+commit.bbb8e64f,False,,7fd750b69e176e42
2018-13531,2018-13069,,MaxHouse,244,0x8d397626b256be03dd718b77e217eee82c4940b4,v0.4.19+commit.c4cbbb05,v0.4.19+commit.c4cbbb05,False,,cae5043af6cd1df8
2018-13532,2018-13069,,Mindexcoin,244,0x3a1237d38d0fb94513f85d61679cad7f38507242,v0.4.16+commit.d7661dd9,v0.4.16+commit.d7661dd9,False,,818bc98badec76a9
2018-13533,,253.0,ALUXToken,191,0x42cee7dd9b47c2cee35ca996a712e8c99471d46f,v0.4.18+commit.9cf6e910,v0.4.18+commit.9cf6e910,False,,f30615daa9280735
2018-13534,,250.0,SpeedCashTokenContract,253,0x4907992735804D10FA5e96C07A5d77a79543B691,v0.4.20+commit.3155dd80,v0.4.20+commit.3155dd80,False,,ef7af10d3d7ef536
2018-13535,,229.0,PACCOIN,548,0x2adeedc69348a2ca9a1c5ec7e9df6d7919c10617,v0.4.25-nightly.2018.6.8+commit.81c5a6e4,v0.4.25-nightly.2018.6.8+commit.81c5a6e4,False,,d411d46132d8ba89
2018-13536,,156.0,ERC20_ICO,330,0x13873a43694f039d18107afeac917aff6bc4fa96,v0.4.24+commit.e67f0147,v0.4.24+commit.e67f0147,False,,943893c4fd22e521
2018-13537,2018-13212,,EthereumLegit,171,0xbaf9d121d6447b19e95f48fad834a0dff1a92691,v0.4.19-nightly.2017.11.11+commit.284c3839,v0.4.19-nightly.2017.11.11+commit.284c3839,False,,79a5aef6c96eb73d
2018-13538,2018-13069,,SIPCToken,244,0x2a3ba8a83bbbc3c3c9ea8c786b8e0d536d36919a,v0.4.21-nightly.2018.2.23+commit.cae6cc2c,v0.4.21-nightly.2018.2.23+commit.cae6cc2c,False,,ec0ef5eb7243f852
2018-13539,2018-13167,,Bcxss,122,0x2021526a4a62a70f52c0340b0f67740a08b94e01,v0.4.24+commit.e67f0147,v0.4.24+commit.e67f0147,False,,0075b55c4bbf2a82
2018-13541,,269.0,CryptoLeu,287,0x80754f5833c606d6443cfa315d933ad599fc3d07,v0.4.19+commit.c4cbbb05,v0.4.19+commit.c4cbbb05,False,,fc94b528a2392a3c
2018-13542,2018-13069,,ZIBToken,243,0x357aac74d5fc24f271e5652ec6bdd8abfe048505,v0.4.16+commit.d7661dd9,v0.4.16+commit.d7661dd9,False,,7a4584d93a59f0f2
2018-13543,2018-13163,,GemstoneToken,264,0x5b6acebad8f9e969d54bbe7c6efdc8674f8c7e76,v0.4.20+commit.3155dd80,v0.4.20+commit.3155dd80,False,,d104baf0ddb04e02
2018-13544,,43.0,Numisma,242,0x31243ce202f30d4aa4ed723b927fa8731cb951e9,v0.4.20+commit.3155dd80,v0.4.20+commit.3155dd80,False,,286873bdafd47413
2018-13545,,148.0,HashShield,235,0x4d9b86A39D73101a8dB6E1b4Aa8c1ecfDc3F956E,v0.4.19+commit.c4cbbb05,v0.4.19+commit.c4cbbb05,False,,8c3c97063eb8cb90
2018-13546,2018-13069,,CCASH,244,0x935636cd4e6a52227c97e68fe2c299305bd6f705,v0.4.24+commit.e67f0147,v0.4.24+commit.e67f0147,False,,e9ac27230123e5ab
2018-13547,2018-13210,,ProvidenceCasinoToken,239,0x50584a9bdfab54b82e620b8a14cc082b07886841,v0.4.17+commit.bdeb9e52,v0.4.17+commit.bdeb9e52,False,,fb9c6f39c0b4783a
2018-13548,,180.0,Mimicoin,227,0x475a1bdf009386294d52364f889b25782a093f90,v0.4.18+commit.9cf6e910,v0.4.18+commit.9cf6e910,False,,ae7fa2b694c93fcd
2018-13549,,37.0,NeuroToken,230,0xd389c08bb987dd7daeb31f51fce1b5b73710b38e,v0.4.17+commit.bdeb9e52,v0.4.17+commit.bdeb9e52,False,,23e5feebafc54ee7
2018-13550,,19.0,CoquinhoERC20,115,0x9341097483f88Fbb65BfC6Ea4C26A04e0C4429A0,v0.4.23+commit.124ca40d,v0.4.23+commit.124ca40d,False,,110a89c9768477d8
2018-13551,2018-13521,,Bgamecoin,205,0x7e5ba6b8937db2e6ad5381d6128773a231676009,v0.4.18+commit.9cf6e910,v0.4.18+commit.9cf6e910,False,,78aac8a817e44dba
2018-13552,,78.0,Trabet_Coin_PreICO,353,0xe2d4b55a72977ce72d4d5c87307c14de251a6231,v0.4.24+commit.e67f0147,v0.4.24+commit.e67f0147,False,,4bc89cd7d8837d94
2018-13553,,136.0,MicroBTC,223,0x1e9Df32917117235BA0888edb2602FF3522834Ec,v0.4.24+commit.e67f0147,v0.4.24+commit.e67f0147,False,,7f7e1ebc982b2f2c
2018-13554,2018-13073,,MoneyTreeToken,171,0x070C9244a54353a0F9c43670b21856Df2CC4e439,v0.4.17+commit.bdeb9e52,v0.4.17+commit.bdeb9e52,False,,ef6aed44806c4622
2018-13555,,12.0,JaxBox,269,0xea7A3213b47099E3368F8f9A5f382540C80c2eB9,v0.4.17+commit.bdeb9e52,v0.4.17+commit.bdeb9e52,False,,08459500378bcfc6
2018-13556,2018-13082,,COSMOTokenERC20,253,0x8190983deeb5896bc88d506076fdf9661e8a6fdf,v0.4.19+commit.c4cbbb05,v0.4.19+commit.c4cbbb05,False,,422ae13e428fe50a
2018-13557,,57.0,Trabet_Coin,210,0x2f7f26470517c43cd142ecb9a75347454af74b00,v0.4.24+commit.e67f0147,v0.4.24+commit.e67f0147,False,,38783cb7ea919e59
2018-13558,2018-13091,,rhovit,202,0x096f4002747bde03416dc979e8a9bab48cf8ed85,v0.4.18+commit.9cf6e910,v0.4.18+commit.9cf6e910,False,,c5b163561be3838a
2018-13559,2018-13069,,UTCT,240,0x6685b989d985a389d136519462a2b115798f6a88,v0.4.23+commit.124ca40d,v0.4.23+commit.124ca40d,False,,d2ac1399ffcf592d
2018-13560,,189.0,KelvinToken,158,0xb58855016c58897992c11024fe198708f42b3bfe,v0.4.24-nightly.2018.4.27+commit.1604a996,v0.4.24-nightly.2018.4.27+commit.1604a996,False,,b7611ec2914dead2
2018-13561,2018-13219,,ETH033,206,0xa47178da1119218bc2a8dd9e3251ee89b7c7e7f0,v0.4.13+commit.fb4cb1a,v0.4.13+commit.fb4cb1a,False,,57dde9e88a7a730d
2018-13562,,98.0,BMVCoin,485,0xa25d9e3c177a45265349d4bd37b23ec2669dea5b,v0.4.18+commit.9cf6e910,v0.4.18+commit.9cf6e910,False,,5c46846a1e56d3ed
2018-13563,2018-13069,,UPayToken,244,0x3ddf7d2cc9b0ddb126bb4ca4fa77ffdf08420578,v0.4.16+commit.d7661dd9,v0.4.16+commit.d7661dd9,False,,284e59a30d3dc69f
2018-13564,2018-13175,,GATcoin,204,0xe841d388ed30c0988d5a2db071062c202f9c3a86,v0.4.24+commit.e67f0147,v0.4.24+commit.e67f0147,False,,9cafcb09e66df8f3
2018-13565,2018-13480,,Co2Bit,248,0x574B36BceD443338875d171CC377E691f7d4F887,v0.4.18+commit.9cf6e910,v0.4.18+commit.9cf6e910,False,,10c8c6c28a1ec66f
2018-13566,2018-13083,,RETNToken,229,0x2add07c4d319a1211ed6362d8d0fbe5ef56b65f6,v0.4.16+commit.d7661dd9,v0.4.16+commit.d7661dd9,False,,4bf277114665e8fb
2018-13567,2018-13506,,SDR22,250,0x001b6e5c7322899355eb65486e8cbb7dbbf19127,v0.4.18+commit.9cf6e910,v0.4.18+commit.9cf6e910,False,,5a5a8c3ad316f214
2018-13568,2018-13069,,MktCoin,244,0xB09FFc23a548D34E793De4a29Ed0560ea5150117,v0.4.18+commit.9cf6e910,v0.4.18+commit.9cf6e910,False,,a910508d6ca7c3ea
2018-13569,2018-13083,,HitToken,222,0x6596653478adc7c54d706c73a490a9ac2b141197,v0.4.19+commit.c4cbbb05,v0.4.19+commit.c4cbbb05,False,,8e9dcda0d2157a47
2018-13570,,6.0,kkTestICO1,187,0x71ABd3479B5f3a1fFB16bF18342ecDA13C53Ab15,v0.4.11+commit.68ef5810,v0.4.11+commit.68ef5810,False,,02b0e838460b1ffe
2018-13571,,102.0,GoramCoin,197,0x14e49E4622cd4244E7616724d33ad50126674D2c,v0.4.13+commit.fb4cb1a,v0.4.13+commit.fb4cb1a,False,,5e26f172ea36a5d2
2018-13572,2018-13169,,PGM_Coin,262,0x9B0E5F3278f3AD8C671795102D1FDEc336682F04,v0.4.20+commit.3155dd80,v0.4.20+commit.3155dd80,False,,15e057d83366cc05
2018-13573,2018-13069,,TripPay,244,0x8b141bc2f7a130d166e0a94331e1c5cc7e9832e2,v0.4.19+commit.c4cbbb05,v0.4.19+commit.c4cbbb05,False,,3fb00eca12e3c82f
2018-13574,2018-13069,,DataShieldCoin,244,0xee395235ac363725c6b895d8994706cb7050482f,v0.4.18+commit.9cf6e910,v0.4.18+commit.9cf6e910,False,,127b3e29ecaaf017
2018-13575,,80.0,YESToken,172,0xdc448e8a2a92a5ce799b197e982d773c605318a4,v0.4.13+commit.fb4cb1a,v0.4.13+commit.fb4cb1a,False,,4e055cdc3451c5ad
2018-13576,,167.0,JuntsPerCreixer,168,0x95171F2a14A4d75c416D8c0c422338E3fdBAB951,v0.4.19+commit.c4cbbb05,v0.4.19+commit.c4cbbb05,False,,9ca42fcb4836aaa1
2018-13577,,207.0,AdvancedShit,164,0xA9673001FcB3356e013398a42D49CEC95d437547,v0.4.19+commit.c4cbbb05,v0.4.19+commit.c4cbbb05,False,,c18d12a1b45e2102
2018-13578,2018-13069,,GalaxyCoin,244,0xff1642f2ed00d802cc305be21e6dc1d1e4f19a67,v0.4.20+commit.3155dd80,v0.4.20+commit.3155dd80,False,,62843151686f1713
2018-13579,2018-13069,,ForeverCoin,244,0xd244fF971A90e3d44593E0DfCe3C67a8dF0a1eb9,v0.4.20-nightly.2018.1.5+commit.bca01f8f,v0.4.20-nightly.2018.1.5+commit.bca01f8f,False,,318d16e9e07a5793
2018-13580,2018-13206,,PVE,201,0x1FF56987B459d1Bc67A89879d00448F3de46e12D,v0.4.17+commit.bdeb9e52,v0.4.17+commit.bdeb9e52,False,,1fd092f2552dbc13
2018-13581,2018-13213,,TravelCoinToken,298,0x23cb17d7d079518dbff4febb6efcc0de58d8c984,v0.4.16+commit.d7661dd9,v0.4.16+commit.d7661dd9,False,,220130cbf14358c9
2018-13582,,265.0,My2Token,151,0x82c2c4c70649b19c9f4cc5e1e8f20c8233f6cfe1,v0.4.13+commit.fb4cb1a,v0.4.13+commit.fb4cb1a,False,,fa0d08d469b00c9a
2018-13583,,107.0,Shmoo,238,0xfdf475788c31c57e85f2c48add16164fb5ac84e3,v0.4.19+commit.c4cbbb05,v0.4.19+commit.c4cbbb05,False,,6473301214333fab
2018-13584,2018-13091,,yasudem,202,0x53e222554de8d71b51909060d002b35a72a4d3a6,v0.4.18+commit.9cf6e910,v0.4.18+commit.9cf6e910,False,,8b079ab79281067e
2018-13585,,69.0,CHERRYCOIN,98,0xf5004f3cfdffa92d8b6012038506af9180a653ba,v0.4.16+commit.d7661dd9,v0.4.16+commit.d7661dd9,False,,449a8ec51cda9c94
2018-13586,2018-13073,,NectarCoin,171,0x5e0D4C7713914d17989Ff5Bcdfa5583dD714e65F,v0.4.17+commit.bdeb9e52,v0.4.17+commit.bdeb9e52,False,,b90b867129d659da
2018-13587,2018-13069,,DECToken,246,0xff9Bce8409df637CD3936bA77f8746bf99a4f80B,v0.4.21+commit.dfe3193c,v0.4.21+commit.dfe3193c,False,,1298e8efc4d61698
2018-13588,,175.0,Code47,159,0x42a8bef25391d7cbc476309783e90303d99cda81,v0.4.16+commit.d7661dd9,v0.4.16+commit.d7661dd9,False,,a4a4582dc7fa1f20
2018-13589,2018-13069,,MooAdvToken,244,0x47e59fd671cffc377586569b74259f6fb9c59abb,v0.4.16+commit.d7661dd9,v0.4.16+commit.d7661dd9,False,,7a547aa52991978b
2018-13590,,195.0,SIPCOIN,185,0xbdd4543f35b9df88c2bda04eb5110b5cfce98c75,v0.4.20+commit.3155dd80,v0.4.20+commit.3155dd80,False,,bbb5290d778824e4
2018-13591,2018-13175,,KAPcoin,204,0xff2889840e5ebf9ae3e0615705a73ee13b2a390d,v0.4.21+commit.dfe3193c,v0.4.21+commit.dfe3193c,False,,83d0415d9bed3dac
2018-13592,2018-13496,,RajTestICO,303,0x06f726f750dd2a140a3f3bbe1fa58b624b361a33,v0.4.21+commit.dfe3193c,v0.4.21+commit.dfe3193c,False,,982ebd2b688fb267
2018-13593,,214.0,OSSCardToken,426,0xb7321c1dae3931abf91f8f5d68e3aaa42f526acb,v0.4.20-nightly.2018.1.6+commit.2548228b,v0.4.20-nightly.2018.1.6+commit.2548228b,False,,c63ef30aaec19ce5
2018-13594,,251.0,CardFactory,134,0x37aab22019448859fc255e6e353a1baf2c05e6bb,v0.4.8+commit.60cc1668,v0.4.8+commit.60cc1668,False,,f0c1024ad37da21d
2018-13595,,58.0,BitStore,244,0x37444febd7e3dba3e96f05dc851143ffec8b20b6,v0.4.19+commit.c4cbbb05,v0.4.19+commit.c4cbbb05,False,,392e8d60bb441ee1
2018-13596,,158.0,TESTAhihi,313,0x9fc54a05f1870e61e00bb6d05f71b614e4e1a68a,v0.4.16+commit.d7661dd9,v0.4.16+commit.d7661dd9,False,,967037a2dfa560a2
2018-13597,,149.0,testcoin,236,0x9e41d11ebcef755896c717b93685e97f1a276f8e,v0.4.16+commit.d7661dd9,v0.4.16+commit.d7661dd9,False,,8c9366d0f3e0ef01
2018-13598,2018-13069,,SendMe,244,0x1be0fe534e593f83ec016028d3c91b5dd66ba5aa,v0.4.20-nightly.2018.1.6+commit.2548228b,v0.4.20-nightly.2018.1.6+commit.2548228b,False,,bcea58079a9d10a8
2018-13599,,184.0,ResidualValue,249,0xacc6db4839d1cd896b7490ecd709ed94c589cbfa,v0.4.24+commit.e67f0147,v0.4.24+commit.e67f0147,False,,b2c1b14c99863d06
2018-13600,,79.0,iWAMToken,223,0x8b9d3f0b91ffb9b5323422ea9217abcfb2d604fd,v0.4.19-nightly.2017.11.30+commit.f5a2508e,v0.4.19-nightly.2017.11.30+commit.f5a2508e,False,,4c9893d4627c043e
2018-13601,2018-13069,,GalacticX,244,0x5c13a9ad2601eeec34672c655d2ca994a360c4a0,v0.4.16+commit.d7661dd9,v0.4.16+commit.d7661dd9,False,,931c6211620cc676
2018-13602,2018-13600,,MarceloMiningToken,223,0x348c56890294eb7b45cbfb8c2ec7c65219c5fd6d,v0.4.19+commit.c4cbbb05,v0.4.19+commit.c4cbbb05,False,,8030b556f86ad034
2018-13603,,54.0,Briant2Token,151,0xd6cab260d719b1691982f7620acf0ca0708cb2fc,v0.4.13+commit.fb4cb1a,v0.4.13+commit.fb4cb1a,False,,36c40daa2db9393f
2018-13604,2018-13091,,wellieat,202,0x0f9b1d1d39118480cf8b9575419ea4e5189c88dd,v0.4.18+commit.9cf6e910,v0.4.18+commit.9cf6e910,False,,2f6360896651922f
2018-13605,2018-13221,,ExtremeToken,186,0xff1560afef58be59b11c72734ad1d89db63e4e71,v0.4.14+commit.c2215d46,v0.4.14+commit.c2215d46,False,,8cbebcd53f6943be
2018-13606,2018-13175,,ARChain,204,0x05bd0c7fe804f1109c8f265d0faebeec135dfca7,v0.4.24+commit.e67f0147,v0.4.24+commit.e67f0147,False,,a855c23406b76abd
2018-13607,2018-13599,,ResidualShare,249,0xb6cf4da49ef2b526e2ef480ff5c74c23819218e4,v0.4.24+commit.e67f0147,v0.4.24+commit.e67f0147,False,,7c19f5e8ca06162b
2018-13608,2018-13597,,archercoin,232,0x3fcf78f7646f85ceb9344c5ba5a05a0e31a462af,v0.4.16+commit.d7661dd9,v0.4.16+commit.d7661dd9,False,,3ac585248cabe5a8
2018-13609,2018-13069,,CSAToken,247,0xe887d4FCeD09cb2904dbA4f7Db1cC46e29d39579,v0.4.18+commit.9cf6e910,v0.4.18+commit.9cf6e910,False,,a36023b56f703184
2018-13610,,219.0,MedicayunLink,271,0x2b36968bf3c77253266aa382562fa3fdd7fa1667,v0.4.21+commit.dfe3193c,v0.4.21+commit.dfe3193c,False,,cbdc05e07935a540
2018-13611,2018-13089,,CDcurrency,248,0x64abd25c4fa5a18abf9f2992352d9f73341aabd8,v0.4.16+commit.d7661dd9,v0.4.16+commit.d7661dd9,False,,980deef25779add9
2018-13612,,45.0,Robincoin,164,0x757Df3c3cAD364Da4bBe0795f1feA5Cb7e91774e,v0.4.21+commit.dfe3193c,v0.4.21+commit.dfe3193c,False,,2a8028c15ee95a3b
2018-13613,,134.0,CON0217,81,0xadaa8c29ab35c5bf74af37aa799904c7b283f11d,v0.4.9+commit.364da425,v0.4.9+commit.364da425,False,,7e015a6809b69a19
2018-13614,2018-12062,,MAVCash,171,0x61dc161B06088b9cbaaD53391134929A83D1EB7A,v0.4.11+commit.68ef5810,v0.4.11+commit.68ef5810,False,,ed890691a9052409
2018-13615,2018-13475,,MJCToken,235,0x57d8b41c0f22c39ba2934cfb038f4460904e3fda,v0.4.20-nightly.2018.1.6+commit.2548228b,v0.4.20-nightly.2018.1.6+commit.2548228b,False,,87c7259d35ef806b
2018-13616,,21.0,IOCT_Coin,274,0xb0bef286a13457b963c710fa7765961d09a27c63,v0.4.19+commit.c4cbbb05,v0.4.19+commit.c4cbbb05,False,,121f1e65f6b2394c
2018-13617,,225.0,CAPTOZ,276,0x08a41ce962d328418f21ccb39d49df5ea974c8ac,v0.4.24+commit.e67f0147,v0.4.24+commit.e67f0147,False,,d1c8769bcca7728f
2018-13618,,104.0,VICETOKEN_ICO_IS_A_SCAM,109,0x6ed52b1f425ac10adc0953f71a8407de0beb3579,v0.4.21+commit.dfe3193c,v0.4.21+commit.dfe3193c,False,,5f5ebb475e620b43
2018-13619,2018-13069,,MicoinToken,244,0xf310d06a54eda5d5ae204b0aa9b5e207972d80b9,v0.4.16+commit.d7661dd9,v0.4.16+commit.d7661dd9,False,,ac40a801891bfc6d
2018-13620,,100.0,TripCash,341,0x002f06abe6995fd0ea4be011c53bfc989fa53ce0,v0.4.17+commit.bdeb9e52,v0.4.17+commit.bdeb9e52,False,,5def0cc246143f77
2018-13621,2018-13092,,SoundTribeToken,174,0x1d07f0704dbb88298c69e351c92a82272f0daf75,v0.4.18+commit.9cf6e910,v0.4.18+commit.9cf6e910,False,,55385e218a62e6d9
2018-13622,2018-12062,,ObjectToken,176,0x868326eFCA6e89F75a76D141167759f1AD10854C,v0.4.11+commit.68ef5810,v0.4.11+commit.68ef5810,False,,1a2cdf48154d53e3
2018-13623,,116.0,AirdropperCryptics,245,0x31ea2a265020ecd892956c8e54dbdad9caaaaa98,v0.4.23+commit.124ca40d,v0.4.23+commit.124ca40d,False,,6ee787b54268de83
2018-13624,2018-13069,,WXSLToken,244,0xf26a3792ac7bc158f9c2df197be569d4842c24be,v0.4.21+commit.dfe3193c,v0.4.21+commit.dfe3193c,False,,7f34532226c36be3
2018-13625,,241.0,Krown,271,0x10e886bacd4a12c21bb39646751374eae495b776,v0.4.13+commit.fb4cb1a,v0.4.13+commit.fb4cb1a,False,,e53957991eb238b4
2018-13626,2018-13074,,SemainToken,223,0x668921a4d40ca5204b5f2a0dbf8a88d842a0d62f,v0.4.24+commit.e67f0147,v0.4.24+commit.e67f0147,False,,d7dca9408c41c348
2018-13627,,113.0,MyOffer,190,0x8c114e498af111f1e2185e34880b59880f1c36ce,v0.4.13+commit.fb4cb1a,v0.4.13+commit.fb4cb1a,False,,67b0fd321224d4e1
2018-13628,2018-13074,,MomentumToken,223,0xc7d137beab4637b7086157ed6e0838fc3a27198f,v0.4.24+commit.e67f0147,v0.4.24+commit.e67f0147,False,,283276c693f157f6
2018-13629,,164.0,CrimsonShilling,203,0x48b44a7a1ebb16fec72893fd86bb66bdefd3f3ef,v0.4.19+commit.c4cbbb05,v0.4.19+commit.c4cbbb05,False,,9a325d4e26ae4230
2018-13630,,171.0,DoccoinPreICO,246,0x9ef21a1acff7f9b1950d7c9b597d4cfb4c297c77,v0.4.11+commit.68ef5810,v0.4.11+commit.68ef5810,False,,a25f6564bcda23f8
2018-13631,,170.0,doccoin,246,0xc0d6b253124c7718965f755e832c5418112cf28d,v0.4.19+commit.c4cbbb05,v0.4.19+commit.c4cbbb05,False,,a25f6564bcda23f8
2018-13632,,237.0,NEXPARA,150,0x8D1B194a384b70f3c7d804309Af323A383B1A291,v0.4.19+commit.c4cbbb05,v0.4.19+commit.c4cbbb05,False,,dd0a139afcc5f76e
2018-13633,,213.0,Martcoin,147,0xfdcc07Ab60660de533b5Ad26e1457b565a9D59Bd,v0.4.18+commit.9cf6e910,v0.4.18+commit.9cf6e910,False,,c50a6540bebcacc2
2018-13634,2018-13069,,MediaCubeToken,244,0xAE1193D58295bBE7A9219606E10dde41b77D73aa,v0.4.18+commit.9cf6e910,v0.4.18+commit.9cf6e910,False,,64217bb8cdf9b9ec
2018-13635,2018-13146,,HBCM,103,0x5422b8e108c1e361863d9aabdaa72f945c213422,v0.4.24+commit.e67f0147,v0.4.24+commit.e67f0147,False,,046a9480067e8993
2018-13636,2018-13069,,TurdCoin,240,0x28380d4942470c315c2974b934b2080751d35a77,v0.4.19+commit.c4cbbb05,v0.4.19+commit.c4cbbb05,False,,6d1d5684216f1bab
2018-13637,,123.0,CikkaCoin,193,0x6be5744e45292144d6814ffbedcb6aad1bb287e4,v0.4.19+commit.c4cbbb05,v0.4.19+commit.c4cbbb05,False,,7577f205b876cbcc
2018-13638,2018-13091,,Bitpark,202,0x38c04d415f6740c7700185533a64b5f44cbf684c,v0.4.18+commit.9cf6e910,v0.4.18+commit.9cf6e910,False,,cda735450d2e7507
2018-13639,2018-13088,,VEU_TokenERC20,244,0x70807fa9343ee3d7d6e9d8602bf3ca867cc86479,v0.4.19+commit.c4cbbb05,v0.4.19+commit.c4cbbb05,False,,fe882fd36a225f3b
2018-13640,,9.0,EthereumSmart,215,0x60e79c69080d921f44594fb3c2b723b7dd5d3c00,v0.4.18+commit.9cf6e910,v0.4.18+commit.9cf6e910,False,,05a16f1397745e7b
2018-13641,2018-13175,,MVGcoin,204,0x48233be3b3a963dc6a4c11e87f9890322dbfc7d9,v0.4.21+commit.dfe3193c,v0.4.21+commit.dfe3193c,False,,1e029be28d26996f
2018-13642,2018-13175,,SECoin,204,0x19bd81125a6b19d8531491914bee30c2222e4fac,v0.4.21+commit.dfe3193c,v0.4.21+commit.dfe3193c,False,,98ef0c2a8630a960
2018-13643,,47.0,GCRTokenERC20,174,0xd86f790b2bfca7b224165662ae5bb21663a999a1,v0.4.16+commit.d7661dd9,v0.4.16+commit.d7661dd9,False,,2c9ecca7db80b53f
2018-13644,,88.0,RoyalClassicCoin,162,0xf3f208c2c56c65abea965acd82b1a196528cfc0c,v0.4.18+commit.9cf6e910,v0.4.18+commit.9cf6e910,False,,53d3a74a27057cca
2018-13645,,174.0,Fiocoin,127,0x9402cedd72e6e586e092caa2760887e24a8a3b5b,v0.4.11+commit.68ef5810,v0.4.11+commit.68ef5810,False,,a3dc64b5f63117b3
2018-13646,,18.0,Datiac,257,0x44e9ea4b8ba286b5fe591fb23d106269378f116e,v0.4.19+commit.c4cbbb05,v0.4.19+commit.c4cbbb05,False,,0e35e1ea884a486e
2018-13647,2018-13089,,TrueGoldCoinToken,251,0xe51601f59a610dac06868aa711a05e9a4e291256,v0.4.18+commit.9cf6e910,v0.4.18+commit.9cf6e910,False,,718b282b7fe69c2f
2018-13648,,176.0,BGCGToken,294,0x8444ccf30e86b5b8d27c5341ee2f77ae6f017072,v0.4.24+commit.e67f0147,v0.4.24+commit.e67f0147,False,,a5fa8483febd1c5f
2018-13649,,61.0,TokitDeployer,881,0x3bb62bada8f9921dcf0b1be5d2c972d69c064d84,v0.4.15+commit.bbb8e64f,v0.4.15+commit.bbb8e64f,False,,3c4fea362b298dfe
2018-13650,2018-13069,,BitmaxerToken,244,0x4aeb15f902cee5958d1ffa1c45fdc5c1bb5e6b64,v0.4.20-nightly.2017.12.20+commit.efc198d5,v0.4.20-nightly.2017.12.20+commit.efc198d5,False,,fea899d75c2f0b39
2018-13651,2018-13069,,MicoinNetworkToken,244,0x1043f8ebc64fd8fb4b9884a43330dc0cf6f74194,v0.4.16+commit.d7661dd9,v0.4.16+commit.d7661dd9,False,,0ba0c6cf43654d56
2018-13652,2018-13637,,TheGoDigital,193,0x51f60f6acb95bcc5b6eba23f8f5c81296ba649a6,v0.4.20+commit.3155dd80,v0.4.20+commit.3155dd80,False,,ef01acb2fcfe14fa
2018-13653,2018-13091,,ipshoots,202,0x3ba5a8d30a598c58558f11d8347f76dd6f1d05f6,v0.4.18+commit.9cf6e910,v0.4.18+commit.9cf6e910,False,,a24c0d5e86ec1487
2018-13654,2018-13069,,ESTSToken,244,0x054ad3cd4a66f14bf5c0de2548a53be66995a4f6,v0.4.19+commit.c4cbbb05,v0.4.19+commit.c4cbbb05,False,,eef8b362f3e1c518
2018-13655,2018-13146,,GFCB,103,0x9B13F5260219282464893DBeaDb65000d75E8263,v0.4.24+commit.e67f0147,v0.4.24+commit.e67f0147,False,,4baa418ae2072262
2018-13656,2018-13215,,cashBackMintable,204,0xB5bfe2803e37525aC9F16A60f208b1C33c878347,v0.4.18+commit.9cf6e910,v0.4.18+commit.9cf6e910,False,,bec4d028c888a0d7
2018-13657,,226.0,Rice,146,0xad5de4de1a10353126460ead7dfe52e836f4b64d,v0.4.16+commit.d7661dd9,v0.4.16+commit.d7661dd9,False,,d29a3c878df464d4
2018-13658,2018-13637,,TheGoDgital,194,0xfd6d57b5ebdcc70b3196592b33cbe0b7149e5a27,v0.4.20+commit.3155dd80,v0.4.20+commit.3155dd80,False,,1ee4d7f9b192a223
2018-13659,,87.0,BrianCoin,180,0xba05aff5a97c2190499fe607f3e894c79f84a8b8,v0.4.19+commit.c4cbbb05,v0.4.19+commit.c4cbbb05,False,,5396912fb977d310
2018-13660,,147.0,BillionRewardsToken,158,0xec71870d02ba5c392ec8f64837e314b28afa4222,v0.4.24+commit.e67f0147,v0.4.24+commit.e67f0147,False,,8a063e8025aab937
2018-13661,,204.0,APP,195,0x45a353132143f475b355620ad9d7413d0222ea04,v0.4.13+commit.fb4cb1a,v0.4.13+commit.fb4cb1a,False,,bfbf8b7be9a35905
2018-13662,2018-13069,,WorldOpctionChain,244,0x09fe365076429a478f8b5391de59c362d3ab5004,v0.4.16+commit.d7661dd9,v0.4.16+commit.d7661dd9,False,,317122342a7bca83
2018-13663,,209.0,BSCToken,241,0xac1ec3143b89d5b263d9194db216ea068e0f3dc9,v0.4.16+commit.d7661dd9,v0.4.16+commit.d7661dd9,False,,c2efc912e40c15fb
2018-13664,,271.0,CWS,278,0x34f940a0311f6f6015fee8ddc1e2eb7985202690,v0.4.19+commit.c4cbbb05,v0.4.19+commit.c4cbbb05,False,,fd6609aa3a23fc88
2018-13665,,2.0,BCaaS,281,0x895b47ba4a24bbeaae7aa0ea88240c79c5efff72,v0.4.25-nightly.2018.5.30+commit.3f3d6df2,v0.4.25-nightly.2018.5.30+commit.3f3d6df2,False,,01a74f13e2622d57
2018-13666,,177.0,EristicaICO,336,0xf121ce76c6470fa3b0a5d4240f55eff10c8b221e,v0.4.15+commit.bbb8e64f,v0.4.15+commit.bbb8e64f,False,,a905f651bb5b904a
2018-13667,,155.0,UTBTokenTest,246,0x7b7024d6a0810455236190b0915502f9830c7054,v0.4.23+commit.124ca40d,v0.4.23+commit.124ca40d,False,,93ccd6b20857d20e
2018-13668,2018-13069,,BTPCoin,244,0x1b226d98ab123792f68e2d51e1a657e0084b395a,v0.4.19+commit.c4cbbb05,v0.4.19+commit.c4cbbb05,False,,e31156341ad86605
2018-13669,,141.0,NCU,179,0xAe6e2aAcD4944256af994485C97713E90433D9a6,v0.4.21+commit.dfe3193c,v0.4.21+commit.dfe3193c,False,,83f26d6fe347ca47
2018-13670,2018-13146,,GFCB,103,0x9B13F5260219282464893DBeaDb65000d75E8263,v0.4.24+commit.e67f0147,v0.4.24+commit.e67f0147,False,,4baa418ae2072262
2018-13671,,124.0,DinsteinCoin,261,0xc1232a20ccaeabff0c40de4b14321dd75283177d,v0.4.21+commit.dfe3193c,v0.4.21+commit.dfe3193c,False,,75e38accdbccf890
2018-13672,2018-13069,,OBTCoin,244,0xccfa96a6e2b6409b2e2e36c20754e1a54cb3f4a3,v0.4.19+commit.c4cbbb05,v0.4.19+commit.c4cbbb05,False,,f4ed15ae176507be
2018-13673,,27.0,GoldTokenERC20,115,0x8237796f6c89e6a55c8d7af9c5e5b715490eda2b,v0.4.20+commit.3155dd80,v0.4.20+commit.3155dd80,False,,18d2b9f157fbeba4
2018-13674,,75.0,ComBillAdvancedToken,163,0x6292cec07c345c6c6953e9166324f58db6d9f814,v0.4.18+commit.9cf6e910,v0.4.18+commit.9cf6e910,False,,491f37d233d2b06c
2018-13675,,235.0,YAMBYO,215,0xeea2da79d41b2161f48d93e579ae6835dcf0e7e6,v0.4.19+commit.c4cbbb05,v0.4.19+commit.c4cbbb05,False,,d980adc832d59eb0
2018-13676,,1.0,OrderbookPresaleToken,572,0xB048bAd454A993537CAeD5a7917E7C944a720848,v0.4.11+commit.68ef5810,v0.4.11+commit.68ef5810,False,,0092c872593005f7
2018-13677,,263.0,Goochain,168,0x017214d55f5daac38f5f7547629f29ead7fa1c3c,v0.4.13+commit.fb4cb1a,v0.4.13+commit.fb4cb1a,False,,f99252accaa5b69f
2018-13678,2018-13113,,LuckyEthereumLotteryToken,142,0x8c5fFc1430c0433b9621005eE4d7BC2A33386C64,v0.4.21+commit.dfe3193c,v0.4.21+commit.dfe3193c,False,,06baa365091c3211
2018-13679,2018-13069,,ZPEcoin,244,0xde305be24cd8089d02ffdb82422d767907634f0f,v0.4.19+commit.c4cbbb05,v0.4.19+commit.c4cbbb05,False,,968e176df5f23566
2018-13680,,247.0,LexitToken,294,0xaa031595d2d9b82847a5df3390c6395839b273d0,v0.4.24+commit.e67f0147,v0.4.24+commit.e67f0147,False,,e9fd4c3f1df6e923
2018-13681,2018-13069,,SOSCoin,244,0xD9BaBaf28e492F90dC900506B28834316eDed9e6,v0.4.20-nightly.2018.1.6+commit.2548228b,v0.4.20-nightly.2018.1.6+commit.2548228b,False,,939e691091df13e9
2018-13682,,110.0,ViteMoneyCoin,176,0x759f7db420f7f46915b35251bc8795ebf8913e6d,v0.4.16+commit.d7661dd9,v0.4.16+commit.d7661dd9,False,,672a5525c4e4f405
2018-13683,2018-13091,,exsulcoin,202,0x382a71ecb288da8701428406a36ffa5d8f072d55,v0.4.18+commit.9cf6e910,v0.4.18+commit.9cf6e910,False,,a6cf53c32de70b58
2018-13684,2018-13077,,ZIP,195,0x365080610e03aa5c5693f6b2dd78ee792ee9a9cb,v0.4.13+commit.fb4cb1a,v0.4.13+commit.fb4cb1a,False,,c2a7205adc1813ec
2018-13685,2018-13217,,VornoxCoinToken,444,0x2cbd64273066bc181c792eaacdc8e5e522ef94d7,v0.4.17+commit.bdeb9e52,v0.4.17+commit.bdeb9e52,False,,bc8acb7f90866f46
2018-13686,2018-13073,,ICODollar,171,0x7dFc425c0425D69CA577d76c6D53A26A6C2CC0ac,v0.4.19-nightly.2017.11.11+commit.284c3839,v0.4.19-nightly.2017.11.11+commit.284c3839,False,,5a435bd10fca8d49
2018-13687,2018-13091,,normikaivo,202,0xd71e21055f4b0ff413f5fa826b79c511a10bae6c,v0.4.18+commit.9cf6e910,v0.4.18+commit.9cf6e910,False,,a65e87e5af4750d8
2018-13688,2018-13069,,MallToken,244,0xa0de717714178300ae3834d32aa8703212ab1829,v0.4.18+commit.9cf6e910,v0.4.18+commit.9cf6e910,False,,fe7a3c1fe6acc0f2
2018-13689,,85.0,CJXToken,80,0xab921bd020fe7e987e72cebdda2beba8924a8fa4,v0.4.16+commit.d7661dd9,v0.4.16+commit.d7661dd9,False,,51ab5b08dd2b9bc3
2018-13690,,118.0,Instacocoa,207,0xf5236d6aA884C7bd3ae0C2068606201e8e888ec6,v0.4.21+commit.dfe3193c,v0.4.21+commit.dfe3193c,False,,6fd6b4def876d334
2018-13691,2018-13223,,RTokenMain,172,0x79BA6302bdB1c601A54b656E23a5Bc3A2d5914b3,v0.4.8+commit.60cc1668,v0.4.8+commit.60cc1668,False,,6a9f6fb239eff35f
2018-13692,,144.0,MehdiTAZIToken,266,0xee477b54bcb99ad2f5f7dece17069188e3bb69f4,v0.4.21-nightly.2018.2.21+commit.16c7eabc,v0.4.21-nightly.2018.2.21+commit.16c7eabc,False,,885ef0d36ae277cd
2018-13693,,111.0,GreenEnergyToken,243,0x8b9d4a796c55a28e65eb276d7ec016f5cd6a4116,v0.4.24+commit.e67f0147,v0.4.24+commit.e67f0147,False,,676616ee0e3310d5
2018-13694,2018-13214,,GMile,1,0x8ba49452e12449240425de9895b1aa51f5f3b90d,v0.4.10+commit.f0d539ae,v0.4.10+commit.f0d539ae,False,,6793cbcf6e312719
2018-13695,,129.0,CTest7,301,0x3501ecfa3f8b188915c72f36a93566585ba99336,v0.4.16+commit.d7661dd9,v0.4.16+commit.d7661dd9,False,,7860ea341e38de6e
2018-13696,,152.0,RedTicket,139,0x8b6899e4b32729cba03f8f9c8e46628cadd03158,v0.4.14+commit.c2215d46,v0.4.14+commit.c2215d46,False,,90f64e4a46ad9680
2018-13697,,74.0,RobotBTC,251,0x9ab4fd2234d75cfa894c394b367e48055b531e56,v0.4.18+commit.9cf6e910,v0.4.18+commit.9cf6e910,False,,45ec53a9f6066ba8
2018-13698,,7.0,Play2LivePromo,131,0x1c65557b72804569bcd25ce53575a9c712e2eff5,v0.4.20+commit.3155dd80,v0.4.20+commit.3155dd80,False,,02e919b022e92ce8
2018-13699,2018-13073,,DestiNeedToken,171,0xdFF8e7f5496D1e1A4Af3497Cb4712017a9C65442,v0.4.17+commit.bdeb9e52,v0.4.17+commit.bdeb9e52,False,,77390a53fe8f9e41
2018-13700,,166.0,IPMCoin,241,0xc96c626588e62d059c87a8fddf851641bc69ae6e,v0.4.18+commit.9cf6e910,v0.4.18+commit.9cf6e910,False,,9beb84781c333698
2018-13701,,179.0,KissMe,161,0x2289d394f1fbe286d5d84f438d98171dc19bda50,v0.4.24+commit.e67f0147,v0.4.24+commit.e67f0147,False,,aa193b8161c9f16e
2018-13702,,257.0,Essence,239,0x00b9034425e357bf61b4abeb22299ec4a62c725b,v0.4.18+commit.9cf6e910,v0.4.18+commit.9cf6e910,False,,f5e68b62fc38477e
2018-13703,2018-13169,,CERB_Coin,262,0x81d4703c5b3499b57397c999a72f492fc681410d,v0.4.21+commit.dfe3193c,v0.4.21+commit.dfe3193c,False,,0089db221870739b
2018-13704,2018-13597,,eddToken,233,0x2ee8e9c39beeed33f0bfd744163c309daed6b35a,v0.4.19+commit.c4cbbb05,v0.4.19+commit.c4cbbb05,False,,901bb6a50d5abd6b
2018-13705,,151.0,PMHToken,315,0xa52c8371d379d7036a862673b08bd73faf4660fd,v0.4.23+commit.124ca40d,v0.4.23+commit.124ca40d,False,,8f8c8c9916dc50d1
2018-13706,2018-13091,,IdeaCoin,205,0xdc926b36b7faadaa1daa1c8bfb60b6e7a88fadae,v0.4.18+commit.9cf6e910,v0.4.18+commit.9cf6e910,False,,94a500330ca0408d
2018-13707,,64.0,YSS,110,0x01b1ccae68dc41d8a2a0f48e8f0d38b0c064ef43,v0.4.21+commit.dfe3193c,v0.4.21+commit.dfe3193c,False,,3e836f0f5a1e4c79
2018-13708,,30.0,BuyToken,213,0xf55acf113cb1628f27b23d61fe6df12f43294694,v0.4.14+commit.c2215d46,v0.4.14+commit.c2215d46,False,,1b0d69a2bc28dd8c
2018-13709,,70.0,DIYTubeCoin,224,0x141797bca73ad90844d88105c8fdd8acb4c75b48,v0.4.21+commit.dfe3193c,v0.4.21+commit.dfe3193c,False,,452d8373ac38e43b
2018-13710,2018-13163,,Mjolnir,263,0x688dc3f750ae8ea87372ed31b6f3141c86a6e01f,v0.4.24+commit.e67f0147,v0.4.24+commit.e67f0147,False,,7b892fb785a19634
2018-13711,2018-13091,,Databits,202,0x4bf3e4d2378a1256cbe1cd1c2a8bc9857b811282,v0.4.18+commit.9cf6e910,v0.4.18+commit.9cf6e910,False,,a243022b1ce8c901
2018-13712,2018-13088,,PMET,244,0xD2Fcf24fA0034B655e308770DD0F615d8E3bA27E,v0.4.18+commit.9cf6e910,v0.4.18+commit.9cf6e910,False,,f7004c8d31b0f916
2018-13713,,142.0,Tradesman,245,0xE9e03497fBF8f9463b2124fe2c8CeB8C3C92d8CD,v0.4.20-nightly.2018.1.6+commit.2548228b,v0.4.20-nightly.2018.1.6+commit.2548228b,False,,84a88ba11b3459e9
2018-13714,,51.0,KOCMOCToken,120,0x364a6b4c75fd0cdb50676bb0e694b66b184af693,v0.4.19+commit.c4cbbb05,v0.4.19+commit.c4cbbb05,False,,32ef72488b12228d
2018-13715,,183.0,BpsToken,161,0xdaa7b48567fa36d00d2d1213de4621a3f769b155,v0.4.19+commit.c4cbbb05,v0.4.19+commit.c4cbbb05,False,,b12530c184f1e619
2018-13716,2018-13091,,sexhdsolo,202,0x754a024bd98c79532e570af47e21695a861d2be3,v0.4.18+commit.9cf6e910,v0.4.18+commit.9cf6e910,False,,aedd6e29d8c9d8eb
2018-13717,,36.0,HormitechToken,248,0x4f800a45631f2c74ef2d37201adf417b3b90ad3c,v0.4.19+commit.c4cbbb05,v0.4.19+commit.c4cbbb05,False,,23522d705283e398
2018-13718,2018-12025,,FuturXe,161,0x9653cFd0865ad8313BEA2f0C2EC0584BFd05115B,v0.4.11+commit.68ef5810,v0.4.11+commit.68ef5810,False,,b807f4ba3afe050f
2018-13719,,218.0,BiteduToken,134,0x5953628B88E67935c70BE95D8D3BD8655cedC996,v0.4.18+commit.9cf6e910,v0.4.18+commit.9cf6e910,False,,cb38be0f7eb0cb57
2018-13720,2018-13091,,Antoken,202,0x7e2495d14237d66251442c56b67583e9c7f80047,v0.4.18+commit.9cf6e910,v0.4.18+commit.9cf6e910,False,,53b3518df5af5a52
2018-13721,2018-13091,,GoMineWorld,202,0xeb48afc1f0bcd8a3fe723dadd48a7b61e11691c8,v0.4.18+commit.9cf6e910,v0.4.18+commit.9cf6e910,False,,d96facf47bdc2e69
2018-13722,,22.0,HYIPToken,410,0x2d6669c810bf1444d2e5e7f4cfc56a4c10cf7a2a,v0.4.12+commit.194ff033,v0.4.12+commit.194ff033,False,,1294615549094aae
2018-13723,2018-13069,,SERVVIZIOToken,244,0x338649003ff30194be899100b67a00bbcd62af67,v0.4.20-nightly.2018.2.13+commit.27ef9794,v0.4.20-nightly.2018.2.13+commit.27ef9794,False,,6a662f77c9a2b844
2018-13724,,248.0,HYIPCrowdsale1,459,0xecfbc0c5bc5cf4a266c1a90db0a4fe79c82bcd93,v0.4.11+commit.68ef5810,v0.4.11+commit.68ef5810,False,,ecd853f09bbaf671
2018-13725,2018-13069,,GlobalSuperGameToken,244,0x08b427001ba2150490fe4d18b76700fe6e38136c,v0.4.25-nightly.2018.5.28+commit.c223b03,v0.4.25-nightly.2018.5.28+commit.c223b03,False,,cb0199c13ebc3b9e
2018-13726,,161.0,ISeeVoiceToken,252,0xa6b0412276b2484cfb370890b9d07e0c8f1f7684,v0.4.12+commit.194ff033,v0.4.12+commit.194ff033,False,,995609bf8a7c70f7
2018-13727,2018-13069,,Eastcoin,244,0x62c4d0fee81d9ec10581ffaca7ad976d76593fc3,v0.4.19+commit.c4cbbb05,v0.4.19+commit.c4cbbb05,False,,4af47c3d8794a31e
2018-13728,2018-13069,,JixoCoin,244,0xa53ca8fa0f01dc0a26af7cf0fb9cec52ba8d0187,v0.4.21+commit.dfe3193c,v0.4.21+commit.dfe3193c,False,,d9c29e195f29739e
2018-13729,2018-13527,,JPMD100B,267,0xec4A8dBBc717Af02E570B3FBA82Bb13b83C3D32d,v0.4.17+commit.bdeb9e52,v0.4.17+commit.bdeb9e52,False,,75c5ce10f918fe14
2018-13730,2018-13069,,HEY,244,0x6ab969638ccf8f2af797f426aaa666d45adab65f,v0.4.20-nightly.2018.1.29+commit.a668b9de,v0.4.20-nightly.2018.1.29+commit.a668b9de,False,,b9c068650671e794
2018-13731,,94.0,TokenMACHU,111,0xa716a3b1c469dc3183f8105497ee053d0532f8e1,v0.4.18+commit.9cf6e910,v0.4.18+commit.9cf6e910,False,,586fbe26d3f4c113
2018-13732,2018-13073,,RiptideCoin,172,0xdd007278b667f6bef52fd0a4c23604aa1f96039a,v0.4.16+commit.d7661dd9,v0.4.16+commit.d7661dd9,False,,0eefb140bc67e223
2018-13733,,38.0,ProjectJ,156,0xf3b1110c90fe991310a26742ec6c9ceebbc6bdd6,v0.4.17-nightly.2017.8.24+commit.12d9f79,v0.4.17-nightly.2017.8.24+commit.12d9f79,False,,25b0649be13dee28
2018-13734,,55.0,AZTToken,93,0x2e9f2a3c66ffd47163b362987765fd8857b1f3f9,v0.4.19+commit.c4cbbb05,v0.4.19+commit.c4cbbb05,False,,3743b7df387ac292
2018-13735,2018-13073,,EnterToken,171,0xb1bd9e21ccbec1102e61e6613bdd018eaa24c77b,v0.4.16+commit.d7661dd9,v0.4.16+commit.d7661dd9,False,,3a15785b3501aa61
2018-13736,,157.0,ELearningCoinERC,115,0x5d406656272da7c83966be544910732c4a547f86,v0.4.20+commit.3155dd80,v0.4.20+commit.3155dd80,False,,948368fa94b6ed8a
2018-13737,2018-13733,,AnovaBace,151,0x19e732aa432d4003c7745237f9fa670c9262a5fc,v0.4.17-nightly.2017.8.24+commit.12d9f79,v0.4.17-nightly.2017.8.24+commit.12d9f79,False,,d9bf340ad94637dc
2018-13738,,188.0,PELOCoinToken,713,0x121c6e0613317a98cc14a9d379e2abe546ba980c,v0.4.19+commit.c4cbbb05,v0.4.19+commit.c4cbbb05,False,,b65f7376af9b67fb
2018-13739,2018-13091,,dopnetwork,202,0xec80c5bfdde9ffd66547a80986403f5ae2831888,v0.4.18+commit.9cf6e910,v0.4.18+commit.9cf6e910,False,,37b8c37f0188fedd
2018-13740,,128.0,OneChain,177,0x6b17bfa6930e7490ebd2874cef490074708f36b9,v0.4.18+commit.9cf6e910,v0.4.18+commit.9cf6e910,False,,785e984c1b81bb2a
2018-13741,2018-13475,,ABLGenesisToken,235,0x4253d9142bc0537b46a0d8dc31f014bb1bb3096a,v0.4.20+commit.3155dd80,v0.4.20+commit.3155dd80,False,,f218b3d8448efbf0
2018-13742,2018-13091,,tickets,202,0x802216857760c60d78f34b7f7d7ec9cc6af3bfed,v0.4.18+commit.9cf6e910,v0.4.18+commit.9cf6e910,False,,1e8f4708c022a7ba
2018-13743,,92.0,SECTOKEN,230,0x75Eb1E315B28742aC016300E466f719Fd20e116E,v0.4.19+commit.c4cbbb05,v0.4.19+commit.c4cbbb05,False,,569ca303361b3262
2018-13744,2018-13073,,Crowdnext,171,0xc52694e7832594f2aaf2536c777024fb5c1ae9da,v0.4.19-nightly.2017.11.11+commit.284c3839,v0.4.19-nightly.2017.11.11+commit.284c3839,False,,fd74e7f97a8091ba
2018-13745,2018-13069,,STCToken,244,0xdfccdbd82b578cfd862a9f9741b2ddcd2c9b1e22,v0.4.18+commit.9cf6e910,v0.4.18+commit.9cf6e910,False,,667cbd5b62f80a5f
2018-13746,,146.0,kBit,189,0xd4b6752783610bca95c9a44649090428ce70b83e,v0.4.21+commit.dfe3193c,v0.4.21+commit.dfe3193c,False,,8995005b0c85d0d1
2018-13747,2018-12082,,VanMinhCoin,165,0x11ebb7657054338c58c076cBbC527A0df927C24d,v0.4.12+commit.194ff033,v0.4.12+commit.194ff033,False,,1d3ba3fd56bbff95
2018-13748,,223.0,CheckCarToken,99,0x37e55693b71668dd53ed1431a5f2375d7e938ef5,v0.4.18+commit.9cf6e910,v0.4.18+commit.9cf6e910,False,,d09fd88ee5ab68cd
2018-13749,,181.0,FinalToken,220,0x9248377cb4e19b14a665d801a804906af92d6859,v0.4.21+commit.dfe3193c,v0.4.21+commit.dfe3193c,False,,b0194c88f9033011
2018-13750,,119.0,RichiumToken,170,0x234212f4a08b8420d5c4daf77c613080d0323fe7,v0.4.24+commit.e67f0147,v0.4.24+commit.e67f0147,False,,71e4adba329ea2d6
2018-13751,2018-13091,,JustWallet,202,0x0b24fdf35876bbe2a1cc925321b8c301017474d4,v0.4.18+commit.9cf6e910,v0.4.18+commit.9cf6e910,False,,328102755fc63d3f
2018-13752,,262.0,Thread,256,0x9c3ed43fdd2664d6d0e5399cff4720106a544d0f,v0.4.18+commit.9cf6e910,v0.4.18+commit.9cf6e910,False,,f89d9955c65be5d8
2018-13753,,274.0,DeWeiSecurityServiceToken,287,0x31ac1331eed69beefb33aa992989605beac875d2,v0.4.21+commit.dfe3193c,v0.4.21+commit.dfe3193c,False,,ff2aae0bc4999485
2018-13754,2018-13069,,CryptosisToken,243,0x61eb2155714b877e95bfb27be10724075c113fe6,v0.4.24+commit.e67f0147,v0.4.24+commit.e67f0147,False,,f200aecbb09f280b
2018-13755,,97.0,OTAKUToken,239,0x80a9ca0bee2a09753d27657f7ab6d6e018e78b55,v0.4.19+commit.c4cbbb05,v0.4.19+commit.c4cbbb05,False,,5bf489a07b2e1ce3
2018-13756,,60.0,CherryCoinFoundation,98,0x1975bb03de10f058d6048ef3f00e1a704b7a0b39,v0.4.16+commit.d7661dd9,v0.4.16+commit.d7661dd9,False,,3b4d8bbc738f7f59
2018-13757,2018-13749,,Coinquer,220,0x1660ef71da631bf8b8bf5656f49bc635c97dfc1c,v0.4.19-nightly.2017.11.11+commit.284c3839,v0.4.19-nightly.2017.11.11+commit.284c3839,False,,2932f9b427d16d4c
2018-13758,,182.0,LoliCoin,214,0x326ce88b27c196d0387f5df7ae085c1203185cb4,v0.4.18+commit.9cf6e910,v0.4.18+commit.9cf6e910,False,,b057aa69fdc8e844
2018-13759,,76.0,BIGCAdvancedToken,152,0x574fab3ce9a7c0cf2d4d774370839bc86ca59787,v0.4.16+commit.d7661dd9,v0.4.16+commit.d7661dd9,False,,4ab356fab622acf6
2018-13760,2018-13073,,MoneyChainNetToken,172,0x77727EF417696F95A10652cF2d02d6421DDA5048,v0.4.17+commit.bdeb9e52,v0.4.17+commit.bdeb9e52,False,,88179659b839ae46
2018-13761,,231.0,NetkillerAdvancedTokenAirDrop,229,0x4488ed050cd13ccfe0b0fcf3d168216830142775,v0.4.21+commit.dfe3193c,v0.4.21+commit.dfe3193c,False,,d52c1a64f476ca39
2018-13762,,133.0,Yumerium,861,0x7f4404db6a3f4d3cfb41d5920d81d44d64759235,v0.4.23+commit.124ca40d,v0.4.23+commit.124ca40d,False,,7cddd9ab0a19ee85
2018-13763,2018-13069,,Ublasti,244,0x2687d73544fc38ee8d7ae7c7111535e4f4904320,v0.4.16+commit.d7661dd9,v0.4.16+commit.d7661dd9,False,,ba22286ede5b2dda
2018-13764,2018-13069,,BiquToken,244,0x39ae36f6d9953ec114ee1e5b8ae8bffe00233b3e,v0.4.24+commit.e67f0147,v0.4.24+commit.e67f0147,False,,88f9928b4647e26b
2018-13765,,256.0,LandCoin,288,0x78b1A22bDfB2636D734Ee8093DFC28994c6CC103,v0.4.21+commit.dfe3193c,v0.4.21+commit.dfe3193c,False,,f568dec9d70b2776
2018-13766,2018-13069,,Easticoin,244,0x692a3dcd56b60a382f769438dc7ef46551dece89,v0.4.16+commit.d7661dd9,v0.4.16+commit.d7661dd9,False,,d1ecff9d9755cd38
2018-13767,,255.0,Cornerstone,640,0x30181C9C30D9b54ccF4ca9F295Fa1dee807f36fc,v0.4.18+commit.9cf6e910,v0.4.18+commit.9cf6e910,False,,f50f23afa5b9e9d9
2018-13768,2018-13475,,XYZToken,235,0x118770fae5b614552b85fdb5297eb3ed5b5eccdd,v0.4.20-nightly.2018.1.6+commit.2548228b,v0.4.20-nightly.2018.1.6+commit.2548228b,False,,9ab26ed812ae1b4a
2018-13769,,62.0,JeansToken,250,0x21fc3890529fcec4a67c0e570d9f21faf5c7f225,v0.4.19+commit.c4cbbb05,v0.4.19+commit.c4cbbb05,False,,3da7176661c0a5e2
2018-13770,,154.0,UltimateCoin,249,0x4523f19c7618cdbfc564f445ec92f8b8d1723c62,v0.4.19+commit.c4cbbb05,v0.4.19+commit.c4cbbb05,False,,9385448c23418214
2018-13771,2018-13083,,ExacoreContract,219,0x1d521966b23820bb2bf130119c10aacc97eb324b,v0.4.21+commit.dfe3193c,v0.4.21+commit.dfe3193c,False,,e60d6ac261d1210b
2018-13772,2018-13069,,TheFlashToken,244,0x4957a5a6abbf2ed33c4f586b72d9cf8079b3a1d2,v0.4.24-nightly.2018.4.26+commit.ef2111a2,v0.4.24-nightly.2018.4.26+commit.ef2111a2,False,,9b4085a90e124df1
2018-13773,,66.0,NetkillerToken,181,0x6333050C7a025027B51A8039CbAfd2584933299d,v0.4.21+commit.dfe3193c,v0.4.21+commit.dfe3193c,False,,3fdd8d497adbaa04
2018-13774,2018-13069,,Bitstarti,244,0x0f81a937ce3e7bb95edb14b81951e93e68fcda50,v0.4.16+commit.d7661dd9,v0.4.16+commit.d7661dd9,False,,75e24f76a31b8ff0
2018-13775,2018-13169,,RCKT_Coin,263,0xeF1ebeCD5440B8e22136D2eFea15Ff4E7D62D541,v0.4.19+commit.c4cbbb05,v0.4.19+commit.c4cbbb05,False,,d1aac8f1be6f2314
2018-13776,,132.0,AppleToken,292,0x9f99573cf3356df3649cd25d17af974fd5abb98f,v0.4.24+commit.e67f0147,v0.4.24+commit.e67f0147,False,,79f268126c323390
2018-13777,,230.0,RRToken,166,0xb743534c417f0b27ad4f2d8c31c31b71039a23b4,v0.4.19-nightly.2017.10.18+commit.f7ca2421,v0.4.19-nightly.2017.10.18+commit.f7ca2421,False,,d470f042f7a67ed0
2018-13778,2018-13749,,CGCToken,224,0x7241d179d92e86237bb460f8a19fae369a8846a3,v0.4.21+commit.dfe3193c,v0.4.21+commit.dfe3193c,False,,bf7d3200ce39a68c
2018-13779,2018-13225,,MyYLCToken,181,0x9f03d94bf3545153cb28014bc7d1e7177ca99034,v0.4.13+commit.fb4cb1a,v0.4.13+commit.fb4cb1a,False,,f5ff9a3bb2ae34fc
2018-13780,,68.0,MESH,272,0xcf9fbffec9e0e5bbc62e79bf1965f5db76955661,v0.4.23+commit.124ca40d,v0.4.23+commit.124ca40d,False,,40f6a89b753b9754
2018-13781,2018-13225,,MyYLCToken,181,0x9f03d94bf3545153cb28014bC7D1e7177cA99034,v0.4.13+commit.fb4cb1a,v0.4.13+commit.fb4cb1a,False,,f5ff9a3bb2ae34fc
2018-13782,2018-13073,,EnterCoin,171,0x08e836f7d4804d39e798b6459fa54543f260d4c0,v0.4.16+commit.d7661dd9,v0.4.16+commit.d7661dd9,False,,6ab79583707646df
2018-13783,,228.0,JiucaiToken,271,0xe649e289bc2a29e3c7beebd187ba3ee2b0cdc759,v0.4.21+commit.dfe3193c,v0.4.21+commit.dfe3193c,False,,d361c83d5ad50d1b
2018-13836,,10.0,RocketCoin,119,0x6FC9c554C2363805673F18b3A2b1912cCE8Bfb8a,v0.4.18+commit.9cf6e910,v0.4.18+commit.9cf6e910,False,,06282562b04a86bd
2018-14001,,234.0,Shark,152,0xf4ac238121585456DeE1096fED287F4d8906D519,v0.4.11+commit.68ef5810,v0.4.11+commit.68ef5810,False,,d90e28aa05467a12
2018-14002,,259.0,MP3Coin,83,0x5aD6Dc0A267693c8A14AC9fF2A29c7D63A3d96c2,v0.4.18+commit.9cf6e910,v0.4.18+commit.9cf6e910,False,,f6eb7ef4c8deaa77
2018-14003,,48.0,WMCToken,200,0x47427A4921bdF2b3ac75eCF53193A5265aF4a12F,v0.4.16+commit.d7661dd9,v0.4.16+commit.d7661dd9,False,,2fa18c1fc47ae4cb
2018-14004,,52.0,developer_Crowdsale,299,0xfe4b3f29ad96f0422b873d47a9848e9920f9ded7,v0.4.19+commit.c4cbbb05,v0.4.19+commit.c4cbbb05,False,,3526eb88941319f0
2018-14005,,71.0,MalaysianCoin,255,0x8EEb73BEFd9285d686d6Cf7649Ed657514a714CB,v0.4.19+commit.c4cbbb05,v0.4.19+commit.c4cbbb05,False,,45323285568f2ed1
2018-14006,,200.0,NGToken,249,0x8505185d59ca2b1381a727c3429098c62b18e71a,v0.4.18+commit.9cf6e910,v0.4.18+commit.9cf6e910,False,,bdb8193777a9606b
2018-14063,,53.0,Tracto,178,0x30ceCB5461A449A90081F5a5F55db4e048397BAB,v0.4.16+commit.d7661dd9,v0.4.16+commit.d7661dd9,False,,365d76dcb77666a9
2018-14084,,260.0,MyAdvancedToken,273,0x9107C1B28d775E59f98BF3f4dE3b959816CF5526,v0.4.16+commit.d7661dd9,v0.4.16+commit.d7661dd9,False,,f6edfacbf05fe982
2018-14086,,16.0,MyToken,107,0x3fe3D6f405b5858A320B33FbcB0Bea3b2C2eB7BE,v0.4.23+commit.124ca40d,v0.4.23+commit.124ca40d,False,,0d27145fb6aad95c
2018-14087,,121.0,EncryptedToken,174,0xc524079859fD32597F257c175c5f9E239C1Dd2DB,v0.4.16+commit.d7661dd9,v0.4.16+commit.d7661dd9,False,,746b5cc9470d1e35
2018-14088,,242.0,STeX_WL,188,0x1f31D1168efE4bD22D00D31FC425e5BcB54c75E7,v0.4.19+commit.c4cbbb05,v0.4.19+commit.c4cbbb05,False,,e7c4bc3dd2fab5e0
2018-14089,,105.0,Virgo_ZodiacToken,208,0x4b15b2D301dD81e05fc404e16bdd138b29dcDeFd,v0.4.21+commit.dfe3193c,v0.4.21+commit.dfe3193c,False,,5f8a401c349bf1d1
2018-14576,,252.0,SunContractToken,194,0xF4134146AF2d511Dd5EA8cDB1C4AC88C57D60404,v0.4.11+commit.68ef5810,v0.4.11+commit.68ef5810,False,,f2e3308bdbc76c68
2018-17050,2018-12078,,PolyAi,141,0x5121E348e897dAEf1Eef23959Ab290e5557CF274,v0.4.14+commit.c2215d46,v0.4.14+commit.c2215d46,False,,99dfa055ac1f3704
2018-18665,,159.0,NexxusToken,79,0x7627de4B93263a6a7570b8dAfa64bae812e5c394,v0.4.15+commit.bbb8e64f,v0.4.15+commit.bbb8e64f,False,,97d636fcb5365cc3
2018-18666,2018-12062,,SwftCoin,171,0x0bb217E40F8a5Cb79Adf04E1aAb60E5abd0dfC1e,v0.4.11+commit.68ef5810,v0.4.11+commit.68ef5810,False,,ca7944829f7d7ec7
2018-18667,,272.0,PylonToken,481,0x7703C35CfFdC5CDa8D27aa3df2F9ba6964544b6e,v0.4.11+commit.68ef5810,v0.4.11+commit.68ef5810,False,,fe7a0bd511d4468a
