id,label,new,new_tp,cross-contract,prd
0x00685230359bdb9e16704e1d3918b553e9a015e2,T,,,,
0x006ff3494c04680cfbf39b0396054486f3f6ad32,T,0.0,0.0,0.0,0.0
0x00e2c3b903bec1131fb05283c92df8a94613ca4a,T,,,,
0x013620bf5142f9d8487e92c1d514c38e1b086613,T,0.0,0.0,0.0,0.0
0x013bf75820343cccc2cffda666bf4d5f7891e35c,T,1.0,1.0,0.0,1.0
0x01a7018e6d1fde8a68d12f59b6532fb523b6259d,T,1.0,1.0,1.0,1.0
0x01b21934ba28dfd8a22c4d21c710290500a5081f,T,,,,
0x04bba664ea822924ff435ce1b3fad3e8dcc69481,T,,,,
0x04ce99ba020bdac42fc42330da489afd6515a862,T,0.0,0.0,0.0,1.0
0x04ebe325519223119ab6bde2b84e23a6ecd05d65,T,,,,
0x04f4de2577b75853f721fa270d48490504f6fe99,T,1.0,1.0,0.0,1.0
0x05cd27a978fc9f9919a5f4c5c03e5947ed7d4c4d,T,,,,
0x062524205ca7ecf27f4a851edec93c7ad72f427b,T,0.0,0.0,0.0,0.0
0x064656852581472f9b315fea4730fe18fb7c579a,T,0.0,0.0,0.0,0.0
0x0684a256b8a6434cf10ee81bc1bcdcbba3365daa,T,0.0,0.0,0.0,0.0
0x06c2452bcb4c1c1a046c520ffbad41fb8f48442b,T,0.0,0.0,0.0,0.0
0x06eb5444bd13815a77d72e336e8fe7dedb801709,T,0.0,0.0,0.0,0.0
0x071a91b97d0500e0547f0289144490ca088847d2,T,0.0,0.0,0.0,1.0
0x07222fc4cdacedfbcfc03cbed6e72fb329e8d0b6,T,,,,
0x07678e4c603a26e92962b6e547df99929b708baa,T,0.0,0.0,0.0,1.0
0x07829cca2f215ced7aa41e51921f6dd42c906190,T,,,,
0x07f5ddd0868782c86d7f1a86ab321a8db2c766fa,T,0.0,0.0,0.0,0.0
0x0821f459bfbe966bb93ad220ece6e1bdfcadeab3,T,,,,
0x0846aadb38d580e2870ac0ba6f3625d8cf58cd4e,T,,,,
0x08ade307321221677e837c8150bdbd4e891daf09,T,1.0,1.0,0.0,0.0
0x08bc84c6beb7d3ce724273e485d85a6b1e6166a6,T,0.0,0.0,0.0,0.0
0x08c00f697475636821565f6f4f6b883d36ae0eef,T,0.0,0.0,0.0,1.0
0x08c3b0b55908ee37253ffcfd55bb957aa870bcfd,T,0.0,0.0,0.0,1.0
0x09186c6f2b1eb74d4510a3ae062dc2d9963f2697,T,0.0,0.0,0.0,1.0
0x097581495f8f7b34ab4a0c8e48644117ba4393c2,T,1.0,1.0,1.0,0.0
0x0a0a7c26e72a9fdad30beeedf28ef8a3f5139ed9,T,1.0,1.0,1.0,1.0
0x0a20a61f5b2e70e648a290700e71e79f2a44ab9e,T,1.0,1.0,1.0,1.0
0x0bb6d7baee15e56663aabd8ef0ba33b50413d46d,T,,,,
0x0bf484a17015b8c999ddb64fa687e1f5e284120c,T,0.0,0.0,0.0,0.0
0x0c2e5989a972f2a2c41163fb5adbf097fa92f93a,T,,,,
0x0c4f0652d08951982d38f21e8deca798836a1597,T,0.0,0.0,0.0,1.0
0x0c7b8eedd028f3730e7b0f3dc032e916302f09b4,T,0.0,0.0,0.0,0.0
0x0cfa149c0a843e1f8d9bc5c6e6bebf901845cebe,T,0.0,0.0,0.0,0.0
0x0d2a65ef3e4c3509f00a3576495bd237f5817520,T,0.0,0.0,0.0,0.0
0x0d74fb34583d4e14bf9634bfd1887e86d3c1f139,T,0.0,0.0,0.0,0.0
0x0dc11b7ed751594906bce3a7091952b30528ee7e,T,0.0,0.0,0.0,0.0
0x0e2354b2ea4a6312009b228d5171bf6a02c51150,T,0.0,0.0,0.0,0.0
0x0e35f4f608d4a8fa560595db79cfda02d790777b,T,0.0,0.0,0.0,0.0
0x0e46d03b99aaa8b8cc093ffed5855b92d61f9609,T,,,,
0x0f2191aeed12f2d60fced84e34e05e00837f84dd,T,,,,
0x0f3c1db76e44ca31e76698daa35e0d568f934f37,T,0.0,0.0,0.0,1.0
0x1016b4d3ef298d3fede4bda673b936de5f91435e,T,,,,
0x102e3bcc2fb6a2fe4c1c4cf09021a5638008b721,T,0.0,0.0,0.0,1.0
0x1044d3efad9a9bad4e77a1c0c86bc53636da0345,T,1.0,1.0,0.0,1.0
0x10b02709f7580e95305de959d857868bf8131008,T,0.0,0.0,0.0,0.0
0x10db153e5ae76a28a41d44b1257a87422aa1fae1,T,,,,
0x113058c101b2d78e001d4a7d2174a66b5ff3a4a7,T,,,,
0x1140af17e9dc1b10eb973b148b128dcaf2cc9ecc,T,0.0,0.0,0.0,0.0
0x1142e1f922cde42756741b4e16ddc5a87ee94b3d,T,,,,
0x115bdbcc47c0fe7ed08c21badc3efcfdc5c76e4c,T,0.0,0.0,0.0,0.0
0x11dc9acbbd6eac0096ac6d08beb36121303f4c0d,T,1.0,1.0,1.0,1.0
0x11f4306f9812b80e75c1411c1cf296b04917b2f0,T,,,,
0x1235b9042f7fe167f09450eaffdc07efcc3acb38,T,,,,
0x1237b26652eebf1cb8f59e07e07101c0df4f60f6,T,0.0,0.0,0.0,0.0
0x1277ee49236da5c07e93b8b9df29d629842f0ab9,T,,,,
0x129e719c424a7a6fbdeb7ca3d65186892d54ea8c,T,0.0,0.0,0.0,0.0
0x12ac8fa232888cdff7b923ca584a887835a631f2,T,0.0,0.0,0.0,1.0
0x131288b47c92409d0778d0aa2fbb8367e3399d33,T,,,,
0x137e531680b5d1f5645cd73a450323f1645d5034,T,0.0,0.0,0.0,0.0
0x13c547ff0888a0a876e6f1304eaefe9e6e06fc4b,T,0.0,0.0,0.0,0.0
0x1442a8fd038e0253ab07fd0e6aa70413d961f315,T,,,,
0x147749ecf26c13c886a9b661f55f78e8ebd22e7a,T,0.0,0.0,0.0,0.0
0x152a744baa167bcb72edfd12e1a30870386c0bf7,T,0.0,0.0,0.0,1.0
0x15438e22bb537a00ec51e27789919ce043cdb47b,T,1.0,1.0,0.0,1.0
0x155d9a582385c4200789eae7bc15ecade732b425,T,0.0,0.0,0.0,0.0
0x155e7e9ab193aa37c87d22f66002e3db64c9e0ce,T,,,,
0x156216c63ee80183368ca8dd9f10618522918784,T,0.0,0.0,0.0,1.0
0x1590088b0003d63319bbfdb523e6f5966b18b6d0,T,,,,
0x159d2829613b0fe363e462b218c695c6eae0a5e1,T,0.0,0.0,0.0,0.0
0x15c10c51d86a51021d0683b8359fb20a8ba40b45,T,,,,
0x15dd447b5ecf63432909a4655037b43898fabf19,T,,,,
0x1621530fec6f4b081712ab49f88ca78b60841ddf,T,0.0,0.0,0.0,0.0
0x16aae4b322501c339ed31a41fb915ae305528585,T,0.0,0.0,0.0,0.0
0x17683235257f2089e3e4acc9497f25386a529507,T,,,,
0x18429dedafbb65443edf60402294df5c01aee1da,T,1.0,1.0,0.0,1.0
0x18aaad578e74913df4255c126f2a0bd9e3399ec7,T,0.0,0.0,0.0,0.0
0x191a70e9808c8d89be289cfe9001a7010dc3d78c,T,1.0,1.0,0.0,0.0
0x197803b104641fbf6e206a425d9dc35dadc4f62f,T,0.0,0.0,0.0,0.0
0x19923eadf80ab042c0b0928aaf8b395d4269bbeb,T,0.0,0.0,0.0,0.0
0x19d0321ba91ed5edec4afe1da158a6b06bba03f0,T,0.0,0.0,0.0,0.0
0x1a95b271b0535d15fa49932daba31ba612b52946,T,0.0,0.0,0.0,0.0
0x1b1c789fccdfc6a7b1fef651a1464043f0a38ada,T,0.0,0.0,0.0,0.0
0x1b2f1ddb9696bb6869999636121277c271f6f23c,T,,,,
0x1b941ded58267a06f4ab028b446933e578389daf,T,1.0,1.0,0.0,1.0
0x1bdeff9530aa31c1e43f5c6e53d59ce386aa8447,T,1.0,1.0,0.0,1.0
0x1c80bf91b30c17019149acdb5ddc3dcb89122c8c,T,0.0,0.0,0.0,0.0
0x1d6a8165fb01a3e792fc913da2b41da2aabfac9b,T,0.0,0.0,0.0,1.0
0x1d8cd6eab10ab7d673fa7b4c5f93fe167953d4f9,T,0.0,0.0,0.0,0.0
0x1dabd43e0f8a684a02712bcd767056e25026061c,T,0.0,0.0,0.0,0.0
0x1dd34b35d96f5159567ef4cad2c69c0f87c3195c,T,,,,
0x1e09bd8cadb441632e441db3e1d79909ee0a2256,T,0.0,0.0,0.0,1.0
0x1e4122413c436a294b11ad238e2293de633f2581,T,0.0,0.0,0.0,0.0
0x1e5028fcb334d79633f5a6665347d2eaa02cb406,T,,,,
0x1f7f65b220a0f2d48b28390380f57468e7a382fe,T,,,,
0x1fbf025ad94dde79f88732f79966a9a435f2772f,T,0.0,0.0,0.0,0.0
0x20b3d3f8a3e4f7b23382d844f2ca1d7026d69479,T,,,,
0x213d2b0498d7eef3151aa9af2e5c4eb8674ecce5,T,0.0,0.0,0.0,0.0
0x21c852fb8e7ff1f9e6f8ba43652fd4d7907c38bc,T,0.0,0.0,0.0,1.0
0x21e0529ce64af51b957fd0c74af37d9cc1f6a2f7,T,1.0,1.0,0.0,1.0
0x22cd4b95c325b55a63e856d2d30e69f8c259e56b,T,0.0,0.0,0.0,1.0
0x22f83d39a2148dd389ed4c7a9280f57d5c8679da,T,,,,
0x23d79b8bf1b34865ebd9ea3c558724ad430599da,T,0.0,0.0,0.0,1.0
0x245233bc8604d2097bfcbf3338959c46da04d9e0,T,,,,
0x24a7de87b3bd7298bbf8966fdf170c558d69ecc4,T,0.0,0.0,0.0,1.0
0x24cad91c063686c49f2ef26a24bf80329fb131c7,T,0.0,0.0,0.0,0.0
0x264979ffd35d608e69b69681f4bbcba9877e6c4a,T,0.0,0.0,0.0,0.0
0x265c91539255a96e1005a0fd11ca776c183d04f5,T,0.0,0.0,0.0,0.0
0x26ae986bfab33f4cbadec30ea55b5eed9e883ecf,T,0.0,0.0,0.0,0.0
0x26b5962250b779ab0f33970738a46fcfb00a70b9,T,0.0,0.0,0.0,0.0
0x2771ef07defb079c309542e11219d97b562ab6b0,T,,,,
0x278ae6f52ce72b0df6cba451534b87846acc9d65,T,0.0,0.0,0.0,1.0
0x27a8e297fefa4f15e856aea59ba9336e0dbf3c74,T,0.0,0.0,0.0,0.0
0x2803ade692943fff909a20ee3109efb78282cab1,T,0.0,0.0,0.0,1.0
0x2807e558a7eba8d25c3a05a0e7e9a6a437a6e6a4,T,0.0,0.0,0.0,0.0
0x28e0d54349c00607505aadc713147140fb60ea12,T,0.0,0.0,0.0,0.0
0x290d7f8b8d7da1e92903405a74667c934ca8f086,T,1.0,1.0,0.0,0.0
0x2910536d9d858760c440d89f7a3821a77708933c,T,,,,
0x292e18db1c1f92b4000dd7ba0e1d5bb36df899ef,T,1.0,1.0,0.0,1.0
0x295b13831dc5c5df5e0ed3df874d9be83c79ac15,T,,,,
0x2992221bc5f79681635c2b490cca47cac0a2bd7c,T,0.0,0.0,0.0,0.0
0x29e577a56e32cb79442efb8c9275b46e6616951d,T,1.0,1.0,0.0,0.0
0x2a22e5cca00a3d63308fa39f29202eb1b39eef52,T,,,,
0x2ab328ddcc578d897775f0dcc8c1ea495049031f,T,0.0,0.0,0.0,1.0
0x2ad6bdedf16b32a925ba293ee07f9b3c1c5ab266,T,0.0,0.0,0.0,0.0
0x2af703b86b8ccf30040d82b088b73842573d3d9c,T,1.0,1.0,0.0,1.0
0x2b34ebda72bade6e6e91883ca67eb23484b045fb,T,0.0,0.0,0.0,1.0
0x2b98b39d39914b3aad05dd06a46868507156400d,T,0.0,0.0,0.0,0.0
0x2bd1f12269c1ff80042c8d354bba4c1ca52e2061,T,1.0,1.0,0.0,1.0
0x2be511409c976bdcd141642969ece04cd1171403,T,0.0,0.0,0.0,1.0
0x2ca72c9699b92b47272c9716c664cad6167c80b0,T,1.0,1.0,0.0,1.0
0x2cbc88071f7c0eff084332b8acaa01f1f33eba50,T,0.0,0.0,0.0,0.0
0x2cc8e271f11934f5fa15942dfda2b59432c2e0f3,T,0.0,0.0,0.0,0.0
0x2cecf8f9f328d80d34cd456cc7dd15e20e45638a,T,,,,
0x2d19ba653682b41756aa2c67343f26d6edd36836,T,0.0,0.0,0.0,0.0
0x2d1ea57f68e430da2e693db0c6a3887a705aed69,T,1.0,1.0,0.0,1.0
0x2d295c19f405048c576b4c1179ea2458e8e13935,T,0.0,0.0,0.0,1.0
0x2d311dca8aea3d4f9c968a5f25d6a72f0e81f7ed,T,0.0,0.0,0.0,0.0
0x2d3a9fa81b1b7be63d70d8d4c04e3941f802ba6d,T,1.0,1.0,0.0,1.0
0x2d4ca7d079415595f9e5b62602f7ae7d88b91e53,T,0.0,0.0,0.0,1.0
0x2d5b6ad223654018aa31c5660a48fee33d016adf,T,1.0,1.0,1.0,1.0
0x2de700d9fdb8b80af8cef9aa7c46f98304ff8bcd,T,1.0,1.0,1.0,1.0
0x2dfd9ec3000e5f9a0e585174d540f19322e90942,T,0.0,0.0,0.0,1.0
0x2e16e10fa931d2623d4779cb6320b62ce542aa02,T,0.0,0.0,0.0,1.0
0x2e2fc8569d3ba251965bf8ad85e2f55c37612718,T,1.0,1.0,0.0,1.0
0x2e4eb4585cb949e53212e796cef13d562c24374b,T,0.0,0.0,0.0,0.0
0x2ef27bf41236bd859a95209e17a43fbd26851f92,T,0.0,0.0,0.0,1.0
0x2f0433758bcc851d047d0fed1f423fa38e96da47,T,,,,
0x2f12f53ac9c6e70040cd8fbcddde69578e7c76be,T,,,,
0x2f7e0badf918a17003e27df16da2034b90ed0995,T,0.0,0.0,0.0,1.0
0x2fe321bbb468d71cc392dd95082efef181df2038,T,0.0,0.0,0.0,0.0
0x2fef874df01676d409163a65e5c2fc5e325f6479,T,0.0,0.0,0.0,1.0
0x300fc708cf85af94337acf3a752af2dc18327bcb,T,,,,
0x301a0501c08e347b062b3c928fd4d0155f367855,T,,,,
0x30699ca0288c96b5bd4f2b633b097889d59086d9,T,,,,
0x30cefbcb5c26a5b19a019092ab8d09f8739c904f,T,,,,
0x324d6fa3521f2fe56d2b038c7bb113dd19f81a9c,T,0.0,0.0,0.0,1.0
0x3285fd5707813fd5e07aa6f0ac37a8114c3d0dc0,T,0.0,0.0,0.0,0.0
0x32f1ee166437b15b7716f51f2cbb53a57475bc76,T,0.0,0.0,0.0,0.0
0x331655585e8893961f8e8e427f5f8dedf6e7f0af,T,1.0,1.0,0.0,1.0
0x33540976411534a8d96c715a4ff7f4392d2e52d1,T,,,,
0x33ac37240f71629294de98e0b51f904fda17a366,T,0.0,0.0,0.0,0.0
0x33c33b356bc3d715cf899c1de8fae4092a5ca264,T,,,,
0x349d9314154ef0999facdbbcea2d9737b0529570,T,0.0,0.0,0.0,0.0
0x34bc4f174c027a68f94a7ea6a3b4930e0211b19d,T,0.0,0.0,0.0,0.0
0x35091621797cfdb1728de26057fe3b4a0cbf636d,T,1.0,1.0,0.0,1.0
0x3512594d19870dabac2e033f15fcc6d9abd606ba,T,,,,
0x355b5c944b03cdf66d3e4bf5a4a2ca779d961650,T,0.0,0.0,0.0,0.0
0x3597f78c7872db259ce023acc34511c7a79f42e3,T,0.0,0.0,0.0,0.0
0x35b5abaedeed12c63e04029120fa6bb084342b4d,T,0.0,0.0,0.0,0.0
0x35ba0d41cdf5e4cd2542a3ff8ea206398439a230,T,1.0,1.0,0.0,1.0
0x35e44051799bd7cea091c4fad2cba9b37e364c5b,T,,,,
0x3616f0d3d088e488c291e82a1762a7591661e639,T,0.0,0.0,0.0,1.0
0x3668eba58190c7bb2d63cb484467ff0a42fb3367,T,0.0,0.0,0.0,0.0
0x36d5d7262784130de564e99f5c2eab2aa0484bce,T,0.0,0.0,0.0,0.0
0x36f726e01cc85fdb0d998dfc442856379c569274,T,0.0,0.0,0.0,0.0
0x377f64e05c29309c8527022dbe5fbbfa8e40f6dd,T,0.0,0.0,0.0,0.0
0x37c8da5a09a0afdce72371764473d88cc1374f61,T,0.0,0.0,0.0,0.0
0x38cc097351907dd2ec87ac7e68a81a2d6ebb3e3e,T,0.0,0.0,0.0,0.0
0x38e308c4ac50fd6c31c5f53d7b25f25116d80a3a,T,,,,
0x398193d0f35a132b9d8f7252c29d3c269c6f9965,T,1.0,1.0,1.0,1.0
0x3990240a9ba025c1bdc0116521ed0bfd9b40ec99,T,,,,
0x399a40838258af0836cad506cc58bf7a40061ee0,T,,,,
0x3a6984181f49c9ef64ada32373e736db0c9f1078,T,,,,
0x3a859b9ea4998d344547283c7ce8ebc4abb77656,T,,,,
0x3b7fd4cbef5f57256c330d2cc2a190eed08c82ec,T,0.0,0.0,0.0,0.0
0x3c0dc66381a4e40d9afbfc33f74e503eb8099f27,T,,,,
0x3c1b1abf64a441bc106e055cdc89ba4ca005993e,T,0.0,0.0,0.0,1.0
0x3caf97b4d97276d75185aaf1dcf3a2a8755afe27,T,0.0,0.0,0.0,0.0
0x3cb8c8026557623bde4b3923c6ee0c398b85ce47,T,0.0,0.0,0.0,0.0
0x3db9f293b2e992f8c339a543561a615559c375dd,T,0.0,0.0,0.0,0.0
0x3e365d13828c398d1bd1694adce8998fd0139ba3,T,0.0,0.0,0.0,0.0
0x3e84512f277a5081b9209831c51bce665035d9db,T,,,,
0x3edbf38df1f895e639d705aaadb5430dbb7f894b,T,0.0,0.0,0.0,0.0
0x3f107d2e732f78275d43e60c43d654a14d9a901b,T,1.0,1.0,0.0,1.0
0x3f2d17ed39876c0864d321d8a533ba8080273ede,T,1.0,1.0,0.0,0.0
0x3f5e60c4e294ab62ea706f3858adf42454b0d3ba,T,1.0,1.0,0.0,1.0
0x3f6bac63d668975ba20f88508ecd4121677fa667,T,1.0,1.0,0.0,1.0
0x3fab284a3cd0a6d88d18d0fda4bc1a76cdacd68a,T,0.0,0.0,0.0,0.0
0x3fc191537bdf7b87f5210220a878dd751444bccf,T,1.0,1.0,0.0,1.0
0x400038f498e601f623f364129ca76cf23fdd1891,T,0.0,0.0,0.0,1.0
0x4012ed853c415252a2aeb34dc8dc0f2e3cb7a90e,T,0.0,0.0,0.0,1.0
0x40ef62929748b3e045fd2036322880ef486e4454,T,0.0,0.0,0.0,0.0
0x412d99a1f370d5d750b9bdf197b0a4bee2bc4e60,T,0.0,0.0,0.0,1.0
0x41a3bd762288d9dde5eb640efe4d21fc1da2f74d,T,0.0,0.0,0.0,1.0
0x42095468d0af5976caa589ad6db91a1b8913be4e,T,,,,
0x428da5ff72d8be0efaa85336b6c6a9fc9e0f73fe,T,1.0,1.0,0.0,0.0
0x43565c9500f19a13b86d6d5304a2d2e3b1b5e03f,T,0.0,0.0,0.0,0.0
0x43e6546d22166e931043c5082777725ff3ebcf00,T,0.0,0.0,0.0,1.0
0x448fae87f7f5b58c6f215abd53d5cd8125e733c5,T,1.0,1.0,1.0,1.0
0x448fcea60482c0ea5d02fa44648c3749c46c4a29,T,0.0,0.0,0.0,0.0
0x44d2ff4a96ba416554951f28d239cad0abd2800d,T,1.0,1.0,0.0,1.0
0x4556d522453633cfc6962cbde7cc4da840eb6707,T,,,,
0x455729af8890a334b4f6cd6bb72c778922e42ad7,T,0.0,0.0,0.0,0.0
0x46651bc5bd32f0d5969074cc17b9635296fab901,T,0.0,0.0,0.0,0.0
0x467532e79222670a2044c9b168bcbaa33b390ef5,T,0.0,0.0,0.0,0.0
0x468b9ec0747e3da866a06a10cff67d4f49ad9765,T,,,,
0x46de9ef59a51388961bfbe45fb89bedbdfaa32ac,T,0.0,0.0,0.0,0.0
0x472b477eac4c454c2a2b31cbf572776c1b23a807,T,0.0,0.0,0.0,0.0
0x47f5ba33e7d9a3e14f975789357fe70f6cfad4f9,T,0.0,0.0,0.0,0.0
0x480d18407daeb2e01aaff299077c52d89c8b2b56,T,0.0,0.0,0.0,0.0
0x48d537f3b6fd5310d63d65add71851d7b9db2fbc,T,1.0,1.0,0.0,1.0
0x49563f8a6345e07ba92cde5becbf44e104047321,T,0.0,0.0,0.0,0.0
0x496676b297799eeb9446b9d808c6051d33c6cb58,T,0.0,0.0,0.0,0.0
0x49d2374241a0a4b407a71d359a753fc630c5d8d4,T,,,,
0x4a73d9fe078fa67601047f88c3e6c270602e5709,T,0.0,0.0,0.0,0.0
0x4aa19497b46cc408902778bd36c4fab48b09fac8,T,0.0,0.0,0.0,0.0
0x4aec37ae465e1d78649aff117bab737c5fb4f214,T,0.0,0.0,0.0,0.0
0x4b17c05fc1566891e5a9220d22527b5aeab0e1d0,T,,,,
0x4b57471c5cf63b747e111bf9bd6f79e8aa6996f8,T,1.0,1.0,0.0,1.0
0x4bc53ead2ae82e0c723ee8e3d7bacfb1fafea1ce,T,0.0,0.0,0.0,0.0
0x4c4757b23526ba13876f8ef3efe973618266e3e8,T,0.0,0.0,0.0,0.0
0x4c524b1e9d947c79be92e20c82e7281d783657dd,T,,,,
0x4c6a5328ce7c3bde5de78e0a355f5f11fb5145c7,T,1.0,1.0,1.0,1.0
0x4ca675d62a05c451555c93e456f902bd3e423586,T,0.0,0.0,0.0,0.0
0x4e00ca8c94af28f386a1d8fbeccfb02aff0c29f9,T,0.0,0.0,0.0,1.0
0x4eaf0a28ba6f524518df13a75ac276683efb7d3b,T,0.0,0.0,0.0,1.0
0x4eb3ce14fda3a874ecad0e9ad988258c827bae82,T,1.0,1.0,0.0,0.0
0x4ed184d6a9e449ecb984cb1fea7ed40db59439fd,T,,,,
0x4f494b04222c1893e87d25c7e75dbc0ecd3aadf8,T,0.0,0.0,0.0,0.0
0x4fb718fdbf4a51d3fba11ea63309729b37ab76da,T,,,,
0x4fb8f24acffe934ef39c1aad3436ed3e25302dd8,T,0.0,0.0,0.0,0.0
0x5064ef946f91e8d94f845cf9a403acb1b9739eb2,T,0.0,0.0,0.0,0.0
0x50ec4b1f8434020e2d896c9cfb8a20d63af6136d,T,,,,
0x5162a13e4b2adf708878c71f2cad69525770601f,T,0.0,0.0,0.0,1.0
0x51c83d97236646fca3239556253032357285c0a1,T,0.0,0.0,0.0,0.0
0x53018f93f9240cf7e01301cdc4b3e45d25481f73,T,0.0,0.0,0.0,0.0
0x534ccee849a688581d1b0c65e7ff317ed10c5ed3,T,,,,
0x539da201f33a25e4a782d3b42eb0f0a83c0fd753,T,,,,
0x540449e4d172cd9491c76320440cd74933d5691a,T,,,,
0x548070e370a9a6e31be1dd629a0d147be3f2175e,T,1.0,1.0,0.0,1.0
0x54e41aefc0eca9f491c7316e1c1741b2b3cce3c8,T,0.0,0.0,0.0,1.0
0x559cd99b1eb1cd61224d9d2a9aec3f8634bfbef4,T,,,,
0x55f854a1e2e67fef6754fdbc985b04423d20fbf1,T,0.0,0.0,0.0,0.0
0x5748ae1c1a481287ac6b4623b546293174e28718,T,,,,
0x57684f9059afbf7bb11b07263500292ac9d78e7b,T,0.0,0.0,0.0,0.0
0x57831a0c76ba6b4fdcbadd6cb48cb26e8fc15e93,T,,,,
0x5822e54dbc2a20856a4740def71240c3e6f553ea,T,0.0,0.0,0.0,1.0
0x5838f878000fe44b6f6c677bbf839e12f097c147,T,0.0,0.0,0.0,0.0
0x59004a80a03dc611377866317f50988a9eefc3d7,T,,,,
0x590d1d5ba0feb249d42c527ae21d12f2e5768a87,T,0.0,0.0,0.0,0.0
0x59434a7b9aeebe94045d3715aa020f6a1d7875ad,T,0.0,0.0,0.0,0.0
0x59670e7f172eafea08f44a308158c65e314a0df9,T,,,,
0x5a4cdcb676d40d939d013bb50909e835b8e3cabe,T,,,,
0x5a5c5b7c33994e0710be930d781b92bbb43bd6e1,T,0.0,0.0,0.0,0.0
0x5abc07d28dcc3b60a164d57e4e3981a090c5d6de,T,0.0,0.0,0.0,1.0
0x5b0a2ade105dcea75cfb0f9785d17bf5167a7493,T,1.0,1.0,0.0,0.0
0x5b182c02d8b17b5fb7ddec4797c7b03725150185,T,0.0,0.0,0.0,1.0
0x5b2028602af2693d50b4157f4acf84d632ec8208,T,,,,
0x5b39afa22a9debd9247bf84b68a79b8736c2ba4e,T,0.0,0.0,0.0,0.0
0x5b63b8d11ce8e45894b66f876dca321b8a735da2,T,0.0,0.0,0.0,1.0
0x5bd6a6d4b21d4b4952426cb23aea7f7bb4944c9b,T,0.0,0.0,0.0,1.0
0x5c3a228510d246b78a3765c20221cbf3082b44a4,T,1.0,1.0,0.0,1.0
0x5c8546a7b86ba30202c09a84f5a72644a2a4f7ba,T,,,,
0x5ccfcdc1c88134993f48a898ae8e9e35853b2068,T,0.0,0.0,0.0,0.0
0x5d1f222108e1a27f95c596f5df289e61068537ab,T,,,,
0x5da354ebda60d93dab822b10fe0925489f0b9db7,T,0.0,0.0,0.0,1.0
0x5dac036595568ff792f5064451b6b37e801ecab9,T,0.0,0.0,0.0,0.0
0x5e521b660fe8ac575f1d7201f2237724ee531f1d,T,0.0,0.0,0.0,0.0
0x5e84c1a6e8b7cd42041004de5cd911d537c5c007,T,0.0,0.0,0.0,0.0
0x5ebc632cf9cbebfa4ffde5ac7011fb0c9c85f229,T,1.0,1.0,0.0,0.0
0x5f6e7fb7fe92ea7822472bb0e8f1be60d6a4ea50,T,1.0,1.0,0.0,1.0
0x5f9385d5f4e27c17d9b56a2687e56415083f0eef,T,,,,
0x5fbc020c3ee08c1a6909b2927e7dcab3afce8dea,T,,,,
0x600ff15d3cf655d1521c86dddb72c511c785b594,T,0.0,0.0,0.0,1.0
0x60f52581489e879df02d86f956bd8c634f6f4db9,T,,,,
0x611ae0be21a9c0ab284a4a68c8c44843330072a7,T,0.0,0.0,0.0,0.0
0x6197e674d1cfa8040b34a82e40d0494ebe5b8d67,T,,,,
0x625f220be6440c14f3481072f1cbe9a83a58ec75,T,0.0,0.0,0.0,0.0
0x62c14b73192c018026eab42b52a5118402634666,T,1.0,1.0,0.0,1.0
0x62d6655db4d29a38e3fa588bcd4137c6d330c2a2,T,0.0,0.0,0.0,1.0
0x62edb11263cd775d549a9d9e38980014dbbfdedd,T,,,,
0x62f49e904af170ea377f399aca76c13ff25a6f5e,T,,,,
0x63d3d0215922b924c782c7b2a351ef8604e18da7,T,0.0,0.0,0.0,0.0
0x64669148bca4f3d1216127a46380a67b37bbf63e,T,0.0,0.0,0.0,0.0
0x6490efefbe454d7a4aaad6d1a3359d38a1065e91,T,,,,
0x64d63840cfbcb5a7320c4e104b116f6aa31ce08b,T,,,,
0x656610729fc13e8283d96aa69cdf56c112222951,T,0.0,0.0,0.0,0.0
0x6594ac0a2ba54885ff7d314eb27c9694cb25698b,T,0.0,0.0,0.0,0.0
0x65c52ae9b15dd6f30902e9f8164c91e912ee2be3,T,0.0,0.0,0.0,0.0
0x65c6a77bf78a6aa5bbb2075026ab027b8c920261,T,0.0,0.0,0.0,1.0
0x660fcb0834b1293117d472d65186534acf75af4f,T,0.0,0.0,0.0,0.0
0x6612a2cac21a89159ad152488fd1f843d33843e4,T,1.0,1.0,0.0,0.0
0x6693bc7a3f8875b36c9bbe57c4917a1506e5a327,T,,,,
0x66c3f99e8a66f6714f4a72f9e35f266943306e2c,T,1.0,1.0,0.0,1.0
0x66d58f0a2a44742688843ceb8c0fa8d8567e3c54,T,0.0,0.0,0.0,0.0
0x675283432d53531e11ed459c51fb508b7c9585fb,T,1.0,1.0,0.0,0.0
0x6799fbe6737d7e02d471ba5f21dd9f48621ee85f,T,0.0,0.0,0.0,0.0
0x67b05fa2ababcdb3e1a1635868f58f9652bd3298,T,0.0,0.0,0.0,0.0
0x68af0f18c974a9603ec863fefcebb4ceb2589070,T,0.0,0.0,0.0,0.0
0x68cadbcdd5a14e89364f0535fdef62f0f1b9d025,T,0.0,0.0,0.0,1.0
0x6970bbe0df628b1e2dce874daaa529c0ceff54ff,T,0.0,0.0,0.0,1.0
0x6986c4b89add1ffbecb290f06e76107d72c6aba4,T,0.0,0.0,0.0,1.0
0x6aa27b3a8aab51745b7eaf53e61aba833b0f9400,T,0.0,0.0,0.0,1.0
0x6b31a898f7e711b323a6212eac4ae250e0d6624f,T,0.0,0.0,0.0,1.0
0x6d500e4b6565c3c25a6edd51839d52269e3d293f,T,,,,
0x6d54549975e0fef50cd954491a6abee84c6f4e61,T,0.0,0.0,0.0,0.0
0x6df766e4b524aa1d4b4b9405994ca69dc161da3f,T,0.0,0.0,0.0,0.0
0x6e58b4c41cab75dc0239938bf5455ab8823ee4de,T,0.0,0.0,0.0,1.0
0x6f28b146804dba2d6f944c03528a8fdbc673df2c,T,,,,
0x6f3d1879cd84fa1a7eec7fe936af6a84b67f4567,T,1.0,1.0,0.0,1.0
0x6f5ac8fda08c00c38380777f00e265d4951b6f59,T,0.0,0.0,0.0,0.0
0x6f5c1ed62a4fa41cfc332d81fafd3cd38aacbd85,T,0.0,0.0,0.0,0.0
0x6f905e47d3e6a9cc286b8250181ee5a0441acc81,T,0.0,0.0,0.0,0.0
0x6fd570c64568a05b9cf3afcd7d31aa5e3c9b8350,T,,,,
0x6fdfce60998725f4cfb4cc57505a3abdbb6d0646,T,,,,
0x7012a5ada4cee1d0bfb9f93d0f4ced094d6e8577,T,,,,
0x704079e823e42a936bbaac5163434c2515473836,T,0.0,0.0,0.0,0.0
0x70aa0247de23fdd3b8558be98747a8c286affd54,T,1.0,1.0,0.0,1.0
0x70bf9df6967dc96156e76cc43b928a7ef02e159a,T,0.0,0.0,0.0,0.0
0x712c290551ee48f6b3ccc318bd63989c5c37ead4,T,1.0,1.0,0.0,1.0
0x712f0350df4f56fad07bd5e2c74941cc30c5df88,T,0.0,0.0,0.0,1.0
0x715b3870ebd976b78c443b288d3dc3f0efd2f289,T,0.0,0.0,0.0,1.0
0x735906d7ab237eeea06f4af86795bb4e0ec199e0,T,0.0,0.0,0.0,0.0
0x735ba26f91e1275fa4b504649b19ef74739fe7e7,T,,,,
0x73a25642d3cdd443b0d1dd006893b63c7fe8b64c,T,,,,
0x73b0ebea28f76be1368d578d13657354330472a9,T,,,,
0x73bd0cba93bbb6bc332ad47ea0ae31ae05e44cb0,T,1.0,1.0,0.0,1.0
0x743fcec226fee5b9b02e835193a504c9eb3fdefc,T,0.0,0.0,0.0,0.0
0x747616c4a19bd9bf1e2b6c8a77d206ea1f9c6018,T,,,,
0x74e1f5848c8d9eb41dae555af6068bebfd66f1dd,T,,,,
0x75658ed3dba1e12644d2cd9272ba9ee888f4c417,T,0.0,0.0,0.0,0.0
0x75e494f8a92ad1daa4fd6e78cbac33f84c2f25b9,T,0.0,0.0,0.0,0.0
0x762b4644df07f502fcd6b48c779899af0987001d,T,0.0,0.0,0.0,0.0
0x766ce08cd40b31b79b3681bce55f61e6efc4edfa,T,0.0,0.0,0.0,1.0
0x76880e1ab0bf868bd7ff97264dc23880739dfbdc,T,0.0,0.0,0.0,0.0
0x768ae39a73131d5032e3fb9f35cd6179c44d2d26,T,0.0,0.0,0.0,0.0
0x76e7da54f22728f7f5afa35f974419ae9f41ba94,T,1.0,1.0,0.0,1.0
0x77e00640a6343152a35542027ba76407bdde0bb6,T,0.0,0.0,0.0,0.0
0x78af01b310a23d25009bdfb95ef06e9a5584fb80,T,0.0,0.0,0.0,1.0
0x7909209a3d78a66f6d71885f10b6ea7c6c58177b,T,0.0,0.0,0.0,0.0
0x795fd7c53cf869a4f98cfc438a0abfaed195ba24,T,0.0,0.0,0.0,0.0
0x7a70299f8ede75836d47e37b9af192fb58ea6c51,T,,,,
0x7aa9a93e0a4e0b97bbb05819239ea8a22fa85be7,T,0.0,0.0,0.0,0.0
0x7acbbd35d59c112071fa627e5f64d9cf79755f20,T,,,,
0x7b3c3a05fcbf18db060ef29250769cee961d75ac,T,0.0,0.0,0.0,0.0
0x7b65b5b95391d6b3d77031a889279376e27572d5,T,1.0,1.0,0.0,0.0
0x7bb1e3424dd7ccfba46a55b659742112dfb503d5,T,0.0,0.0,0.0,1.0
0x7be8076f4ea4a4ad08075c2508e481d6c946d12b,T,,,,
0x7c52974b6eb8af0ddf874b3c4e03aa9a791d9632,T,0.0,0.0,0.0,0.0
0x7d2610266b49933c7f5667ba2a5906fd769936f7,T,0.0,0.0,0.0,0.0
0x7d56485e026d5d3881f778e99969d2b1f90c50af,T,0.0,0.0,0.0,0.0
0x7dd921651b1d6e92a09b92e03769e8f6360efefd,T,0.0,0.0,0.0,1.0
0x7e4be0ab920b5cc42516f97da07840c58ac25474,T,0.0,0.0,0.0,0.0
0x7e7483db7765408fa66ef9c3f2af7efe365958ed,T,,,,
0x7fea965a502f3f17851a57bcc57e95e03d83e98a,T,,,,
0x7fefc8bf6e44784ed016d08557e209169095f0f3,T,0.0,0.0,0.0,0.0
0x7ffc2bd9431b059c509b45b33e77852d47de827d,T,0.0,0.0,0.0,0.0
0x807b9487aaf00629b674bd6d02e4917453bc5939,T,1.0,1.0,1.0,1.0
0x809416858a4d0caa83a660c54b59c4180c6d1be3,T,,,,
0x812a935527dac8c340ae875ecb7713fcf85127c6,T,,,,
0x8154eb22ebedc56cb1c72add3d3704d6b5578155,T,0.0,0.0,0.0,0.0
0x8170fdafa281530ab8353de4d29a3f45949ee50c,T,0.0,0.0,0.0,1.0
0x818b121e5c6435e1d3a7533c466804b817a18cd2,T,0.0,0.0,0.0,1.0
0x8200341ffa058a4b2fa5bef16c8cca0330d529ed,T,,,,
0x821285d692b58517eb0aae7332736cc124ea155e,T,0.0,0.0,0.0,1.0
0x824abb5adc6a58751bee067cc607f12f4c929dea,T,0.0,0.0,0.0,1.0
0x828be8ea7bbbe246216e7017b35057f64cf6449a,T,,,,
0x829d2e2540ff66c53475d690bd7296bd97685996,T,0.0,0.0,0.0,1.0
0x82bb5dcd77686587633ba6744bd706ea09833fbf,T,,,,
0x833882e76f4967b9b18f52d70640bfcc82aa91e9,T,1.0,1.0,0.0,1.0
0x845581267b3ffcde72a1a98efcffee48cb9ae0de,T,,,,
0x84b774ac2140bb687a16817e33ad9b9909c25b73,T,1.0,1.0,0.0,1.0
0x84d587cbd2c7f677f6f172fc74f444c665608879,T,0.0,0.0,0.0,0.0
0x8504242784fe16739ee100e348ab969031570bff,T,0.0,0.0,0.0,1.0
0x85044611b5954739dbde0ccb9aae6bb18e38e38b,T,0.0,0.0,0.0,0.0
0x85e4cd785887cad7c6be93f2f34d5fa683f9bfcd,T,,,,
0x860eb6f729ab3957fd5b3054d80d0b04037efdda,T,0.0,0.0,0.0,1.0
0x8615ddfe9d4c9e58abff01c999731f3e9e556e80,T,,,,
0x870ed69ed12430c6a3d4abdb30c7eeb1918c62b1,T,0.0,0.0,0.0,0.0
0x876c6fbec71a498155cfa811f9d10fd3bb67e4c5,T,,,,
0x876f2a2526c124fdc064b1401e72057db093421d,T,1.0,1.0,1.0,1.0
0x8781ef550926dfdb51529c36d06fe4483f1a8d66,T,0.0,0.0,0.0,0.0
0x878e6c6f9a86a1e5d313e7b872ccd109135e91b4,T,0.0,0.0,0.0,0.0
0x881f21d3e2d2d4f48d815f41bea8dbdcf0e24e50,T,1.0,1.0,0.0,0.0
0x885a4819e899c772b439f05944096a3236315550,T,,,,
0x894b883905bfee2cc448880f1b59f4a762e67566,T,,,,
0x8a36f3e0da7b36fd22fcf2844c21e812279372ac,T,0.0,0.0,0.0,0.0
0x8a630b2d1e25f1ad066feaa090f5bdb63a1451cc,T,,,,
0x8ab65829fb1b2f117fc0f593725f04d4f85d1a6f,T,,,,
0x8b099bdcfea93faecfac13d0dbc1d08c4e1ec595,T,0.0,0.0,0.0,0.0
0x8b10c775f9089de76fa50ac2effeb012e43497fb,T,0.0,0.0,0.0,1.0
0x8b4aa759d83ec43efba755fc27923e4a581bccc1,T,,,,
0x8ba5d9b2920f40ac6391e91926c1321ee6356498,T,,,,
0x8bce9d720745b93c58c505fc0d842a7d9cd59697,T,0.0,0.0,0.0,0.0
0x8be54acd944f301eb0185ea48fe03914d99e83b8,T,0.0,0.0,0.0,0.0
0x8c4ccf23d8674a04665e9e7a64260aa4c0030aeb,T,1.0,1.0,0.0,0.0
0x8c9d4a3b17f0e080ed9f6190181aac7058ced7ac,T,,,,
0x8cc5d9de2c8df87f2d40d84aa78049ea6e61f973,T,0.0,0.0,0.0,0.0
0x8cce51969a93ee5235e5955b8e3d649db7f10b81,T,,,,
0x8d056569b215c8b56e4b3a615dac425d8d2352a4,T,0.0,0.0,0.0,0.0
0x8d342b9474033a8ed04ff1ab654c64cf5b71daa1,T,1.0,1.0,0.0,1.0
0x8d4eb49f0ed7ee6d6e00fc76ea3e9c3898bf219d,T,0.0,0.0,0.0,0.0
0x8e48f1fd56abd20d86bfb995f4b7ef1eb4f32d1c,T,,,,
0x8ef59b92f21f9e5f21f5f71510d1a7f87a5420be,T,0.0,0.0,0.0,1.0
0x8f13a1d43408b6434dd10e161361386f3952d665,T,0.0,0.0,0.0,0.0
0x8fd01f54795bfda895a5916be36472a510c28640,T,0.0,0.0,0.0,0.0
0x8fd1c78ed8b3de2a025373b2bbd820c03939f760,T,,,,
0x8fd448a435f6c7613a043f6d1f7bb861264463fa,T,0.0,0.0,0.0,1.0
0x8ff1c8a8799dd59eca03d9cf52b12ae0ccc21762,T,,,,
0x9051e30541521031e99f7ec822fc23b3d3e68d22,T,0.0,0.0,0.0,0.0
0x90aa6fb2c2ab2c9e3fd5634c054d636c708cd5f3,T,1.0,1.0,0.0,1.0
0x90b12b97a52451f38090f49bce8bc2962dde4902,T,,,,
0x914a25129a6261a1693988c0e55557eb124355e3,T,0.0,0.0,0.0,0.0
0x9163bdd7de1fb782e24c4b865a3acbc59a550f8a,T,,,,
0x918ff08e11d55cb8fe575a2b02f0d778194232d5,T,0.0,0.0,0.0,1.0
0x92949bd74c4d21852a3d9f7dfb841fad2833302b,T,0.0,0.0,0.0,1.0
0x930dfbdc5e9f1984a8d87de29d6a79fbb2bb7b32,T,0.0,0.0,0.0,0.0
0x9348995663aadc44f725eaf56d42c9f74ce0162b,T,,,,
0x935133f60581f244d34e03f0e28ebd956f819bdc,T,0.0,0.0,0.0,1.0
0x9402cedd72e6e586e092caa2760887e24a8a3b5b,T,0.0,0.0,0.0,1.0
0x9432f91bfc2335b0485aa4967d0acff3e34ae134,T,,,,
0x9482a18ed523b1a2f097b480d38852dfff83e0b9,T,,,,
0x9497043f4cd9450867479f3fd873d80d9321094c,T,0.0,0.0,0.0,0.0
0x94cac9b8a8e597e5a934b91c0e5a06fe863bde13,T,,,,
0x954a36b1c1e5e42f884c4f7aa9522e6fd21b11c3,T,0.0,0.0,0.0,0.0
0x96a3b6d2aa6241e1b2d539286958aeb6f1e49d69,T,,,,
0x96b2cd70523aefe92e1cb56de72856ea30498547,T,1.0,1.0,0.0,1.0
0x96fa4b2bebbbc9ffdb7d64ed18058de27680752c,T,0.0,0.0,0.0,0.0
0x976c1926b162f4cebbd461a39fe5e5a695c132ae,T,1.0,1.0,0.0,1.0
0x9774126f3f470fb5c45d3ea8fd6198efb07c8eac,T,,,,
0x97958fe320fa98d0cb8cda0efb647212b15ace2e,T,0.0,0.0,0.0,0.0
0x97c103d006bd363588a98659a4d3b5cab9a29348,T,1.0,1.0,0.0,1.0
0x97d25fc9024c689320dafbd9bbca8861ab669ccd,T,0.0,0.0,0.0,0.0
0x97fe19dfab95b1709bb0994af18ba7f793e28cba,T,0.0,0.0,0.0,1.0
0x98f0485cdd22710a9a923e616567eadfe62e258e,T,0.0,0.0,0.0,0.0
0x99370ef450f27bf0658dec87251e75e4ea7d006a,T,1.0,1.0,0.0,1.0
0x99cf5431779a9c8523d145f40ada5d850b2c86c0,T,0.0,0.0,0.0,0.0
0x9ab4fd2234d75cfa894c394b367e48055b531e56,T,0.0,0.0,0.0,1.0
0x9ad748cc73fa6bf6f48ec4af64cfe1181f6127a6,T,0.0,0.0,0.0,1.0
0x9b0f6a5a667cb92af0cd15dbe90e764e32f69e77,T,1.0,1.0,0.0,1.0
0x9bdb9d9bd3e348d93453400e46e71dd519c60503,T,0.0,0.0,0.0,0.0
0x9be9ff8410c15f9b1ede070bb2bfe6778496d585,T,,,,
0x9ce63a4e69de34844e340fc541d82db9506287bc,T,1.0,1.0,0.0,1.0
0x9d81adbad5dc8c4d474e080466d4741bec89df62,T,0.0,0.0,0.0,0.0
0x9d8b33f8719470478dbd48711d004a0736d86956,T,,,,
0x9de841baea33789b88403913f8c4fb43213ab3bd,T,0.0,0.0,0.0,0.0
0x9df38bdf603b36b8fe8040de760dfbb84ccefa6d,T,,,,
0x9e67c652aef503926e0dbaad1535b604ddb72db7,T,,,,
0x9e6c849ab00670ece0ddcb1b16afadfba7c21eb9,T,1.0,1.0,0.0,0.0
0x9ef0eb9d97e4e7c8612d4e5aaf9201e35bd3670b,T,1.0,1.0,0.0,1.0
0x9f352d623371eda3a28f9d9c8ca73a5124f2d9fc,T,,,,
0x9f469b5241f99c18389abd38ec87d62f61e52cb8,T,1.0,1.0,0.0,1.0
0x9f8bf604abeb04d32b0ffae9c3a083be5858cf96,T,0.0,0.0,0.0,0.0
0x9fbeb4a0970c844fd5c0214003841b73beab4224,T,1.0,1.0,0.0,1.0
0x9fdca91d5f35f79b14f0a25649d2694b7896dc84,T,,,,
0xa00149339410f2936722c4c6f88ae5ad87af6a87,T,1.0,1.0,0.0,1.0
0xa00fa22499478cc37beb45021a1f1c9f826f72e1,T,0.0,0.0,0.0,0.0
0xa01a4dea8a096aa8cd8f9853495c09ed737315b2,T,0.0,0.0,0.0,0.0
0xa089c8335d6e3c8e85413a5bb40d08a14a8e92d3,T,0.0,0.0,0.0,1.0
0xa17473649eba280d5686bde1f2c468def29c1f99,T,,,,
0xa2016c28291a9a460095ada5c52c88cd3fd9a656,T,0.0,0.0,0.0,0.0
0xa21551510d28bc0bc40fa725aa980f64419d8eb1,T,0.0,0.0,0.0,1.0
0xa225ebe73347dd87492868332f9b746beb8499bb,T,,,,
0xa26640d8a467a957f195c1ff566e167d457a8087,T,,,,
0xa2a1d241c0a863b9d4964ae19e08eb77b95c9807,T,0.0,0.0,0.0,1.0
0xa2ce821f2a990dbd5de5a9e221c6bfba261a3807,T,,,,
0xa3389a7bf3ab7b090e171f838034d12f8d3faa98,T,,,,
0xa379eda47d90fb4bc2dfa54556421ff0f198ca47,T,0.0,0.0,0.0,0.0
0xa39fcb48adf288f143459d57a1a0756718c919ae,T,0.0,0.0,0.0,0.0
0xa408fe5e47a8800a8981c2768bfa54e50f23f1a0,T,0.0,0.0,0.0,1.0
0xa4131ed44a6243148ff77b63876977b5805c10b4,T,0.0,0.0,0.0,1.0
0xa48a36d94024f861b453267468b9096e4a3eb8be,T,0.0,0.0,0.0,0.0
0xa4ec44afee34feffbae5ce4218d3c06ebd70455e,T,,,,
0xa5449be2ac84c18f0503bc9cf063e3f474663767,T,1.0,1.0,0.0,1.0
0xa575aea29bcf52afa55113b3b1b9e3813143d10d,T,1.0,1.0,0.0,1.0
0xa630823bd70ab8e8e2d6e62089d3837db1887bf6,T,0.0,0.0,0.0,0.0
0xa6c9e4d4b34d432d4aea793fa8c380b9940a5279,T,,,,
0xa70393748dd3fba84280c7e0654ea64238732625,T,0.0,0.0,0.0,0.0
0xa72baa9e9097e5913cf7d136c5ee3f06c6170ae7,T,0.0,0.0,0.0,0.0
0xa79d6b9c152308e3f7df43b37247124055663061,T,0.0,0.0,0.0,0.0
0xa82873dbb0835dca5c273363eeb006342e696036,T,,,,
0xa86914a1402f3cdcb27084e08a47445e8ab1bbab,T,0.0,0.0,0.0,1.0
0xa8dbd8beab9a664fc5a74920bd47411e56966997,T,0.0,0.0,0.0,1.0
0xa9aebbf67433e3e8206af6fc2ddd99ff8e7cc137,T,0.0,0.0,0.0,0.0
0xa9b6e2381dee5dd4ea5d6e31e11b3c6f10d35afc,T,,,,
0xaa08632376f8c27d2928e9dbc0bb9fec64bf1280,T,0.0,0.0,0.0,0.0
0xaa0d8d61ad4a598da41b1c9fba3ecaed69023823,T,0.0,0.0,0.0,0.0
0xaa3a6f5bddd02a08c8651f7e285e2bec33ea5e53,T,0.0,0.0,0.0,0.0
0xaa4fd1781246f0b9a63921f7aee292311ea05bf7,T,0.0,0.0,0.0,0.0
0xaa93338ef3b64a50dcfb2eba57a1eb4ad59d955b,T,,,,
0xaafd4fc990ffa78ced015d77f04cc65842a3e78a,T,0.0,0.0,0.0,0.0
0xac914ff6d04b076be6c8cd5871bfde37d52023bd,T,1.0,1.0,0.0,1.0
0xacb8a40073d0a7e041b29381debcafc2b538cd7c,T,0.0,0.0,0.0,0.0
0xacda12d0520df621c452c95ebe2a9603795903b3,T,0.0,0.0,0.0,0.0
0xacfc9577583ded00ae53ae79a0346cca4655c0bb,T,0.0,0.0,0.0,0.0
0xadc46ff5434910bd17b24ffb429e585223287d7f,T,1.0,1.0,0.0,1.0
0xadcc3e3bd358767e3c372c026d2de71d532a2370,T,0.0,0.0,0.0,1.0
0xaded0438139b495db87d3f70f0991336df97136f,T,0.0,0.0,0.0,0.0
0xae3bf0f077ed66dda9fb1b5475942c919ef3bb0d,T,0.0,0.0,0.0,0.0
0xaea5418057d0e37a6e69e588e7f393e946846d62,T,0.0,0.0,0.0,0.0
0xaec8162438b83646518f3bf3a70b048979f81fab,T,0.0,0.0,0.0,0.0
0xaecc2d2a3fb1d6b76d10cfa2ebfa7a699a9e9600,T,0.0,0.0,0.0,1.0
0xaf531dc0b3b1151af48f3d638eeb6fe6acdfd59f,T,0.0,0.0,0.0,0.0
0xaf664f595f2cf9eba5c3ea69b88ec4136d158e28,T,1.0,1.0,0.0,1.0
0xaf71b19e6292c6e1491ff3a54b3e63dbd41ef023,T,0.0,0.0,0.0,1.0
0xafc8ec8f7e2845752f9afc22e5801630aef4209b,T,0.0,0.0,0.0,0.0
0xafca07564b2902232e5de6de6cea884fb967819a,T,,,,
0xafdd6fec9be6e31ad9dd7e28631625ac8e38f9c3,T,0.0,0.0,0.0,1.0
0xb02a4c3fbad48c7c671d57ec6b8f5f3d0f2ee36e,T,0.0,0.0,0.0,0.0
0xb02cdc19d0612b3bf355af03db8979ab36693386,T,1.0,1.0,0.0,1.0
0xb052d4d50577e2081f85558ae84b47feb11a2fb8,T,,,,
0xb06dba4ee510a96c720dead06299c8e87df0e619,T,1.0,1.0,0.0,1.0
0xb09b1500e55b845966705f0881187f4d3d8b64d8,T,0.0,0.0,0.0,1.0
0xb09bd0cda4c4254acebc130ca17915b93519079c,T,,,,
0xb0bf9b2ab713162397d626eff05bbee339d00e64,T,0.0,0.0,0.0,0.0
0xb0d52e7db26cd5f39f6119375b7709653b2bb8bd,T,0.0,0.0,0.0,0.0
0xb11e0464cbcf0a06bbe29d8882c9fc7a96cca9fb,T,1.0,1.0,0.0,0.0
0xb19117892e2b2aaa418e75f61d7d1c05f86b66bd,T,0.0,0.0,0.0,0.0
0xb218d06a66f5b3454b7b79ed759741dc2bbfdac9,T,0.0,0.0,0.0,0.0
0xb221ac6622ae5348375d0048dcff0049ebb97d89,T,,,,
0xb29b1547e2ce27161fda590f217c2c669e8a376a,T,0.0,0.0,0.0,1.0
0xb2d5468cf99176da50f91e46b2c06b7bdb9d2656,T,,,,
0xb37ee8c9b632877696740864b745c849ac073ebb,T,0.0,0.0,0.0,0.0
0xb38beba95e0e21a97466c452454debe2658527f7,T,0.0,0.0,0.0,0.0
0xb49b1dddf1b3d6e878fd9b73874da7ab0da7e004,T,0.0,0.0,0.0,0.0
0xb49d92c01cd4f099034fd66f836170b16879a1a1,T,0.0,0.0,0.0,1.0
0xb4b70873f4e356304fce6d1de597b29cd2194b79,T,,,,
0xb4c757a71d084df8f9f393cc47639701f595fd87,T,,,,
0xb4fe1fe5f36f239b811be635622d3c5a92ad3cd0,T,,,,
0xb57919aebb30812ae188dbe238bc907d56ba4a3a,T,1.0,1.0,0.0,1.0
0xb58801acd4ec00a9b8456ad2ffdb54992acfb431,T,0.0,0.0,0.0,0.0
0xb5aff01f3e820735fac9abb594dc9993cb9e5bd2,T,0.0,0.0,0.0,0.0
0xb5c424cd005cd1ccc155654b551c4453346e0718,T,0.0,0.0,0.0,0.0
0xb620cee6b52f96f3c6b253e6eea556aa2d214a99,T,0.0,0.0,0.0,0.0
0xb652efd2b7b137bd278e33fbea482b60b130e0fa,T,0.0,0.0,0.0,0.0
0xb65e87523a06915210b98d440a554b850ee016f7,T,,,,
0xb68d982b913c0a5e999c32a5952e6df1ca43d336,T,0.0,0.0,0.0,0.0
0xb69c5ef7ffd3f57baab250969d1698fdd9cfb830,T,,,,
0xb6bbf89c3dbba20cb4d5cabaa4a386acbbab455e,T,,,,
0xb6c3f831d759599215033e55243853225f33b770,T,,,,
0xb6f6f6f47e92e517876d30c04198f45a3bc1b281,T,0.0,0.0,0.0,0.0
0xb7177696646a98a70520c37740d4a7659362f5b3,T,,,,
0xb7321c1dae3931abf91f8f5d68e3aaa42f526acb,T,,,,
0xb795be5b5fae8252bb4641b77c670431b1eab601,T,,,,
0xb7f7d252535d7fd4cfc06ae48206405190e12da6,T,0.0,0.0,0.0,1.0
0xb81f629d2e5fd0860dae001376907feb2eba2b42,T,0.0,0.0,0.0,1.0
0xb8842b95a9c0cdbd4c0d6e0319b8d46792830677,T,0.0,0.0,0.0,0.0
0xb8bf491636fb905eface49c2dbe23c9e7e564370,T,,,,
0xb91a6c5c6362b10db6440d690e5391bb1eabe591,T,0.0,0.0,0.0,0.0
0xb9b4a35f586660995eb78dbd486e26f3243f24ae,T,,,,
0xb9d526121e3f04e3d3266fd71b49a11c98ef9bf5,T,0.0,0.0,0.0,1.0
0xba7c312b0c49a307b2f33889482c64eb4d9f8d9a,T,0.0,0.0,0.0,0.0
0xbac81d25a969ca609254f50375a4ce57123c8fc9,T,0.0,0.0,0.0,1.0
0xbae339b730cb3a58eff2f2f2fa4af579332c3e1c,T,0.0,0.0,0.0,0.0
0xbb28bc9a43f60eb00e15e3654acc9e6ced43856f,T,,,,
0xbb2f0ac18eb89502dfeb7ac3c4aabef76e75eca7,T,0.0,0.0,0.0,1.0
0xbb51397fb8d3b91a08eff3c34d5c869c1d149ec5,T,0.0,0.0,0.0,0.0
0xbbd5a76f72e876ff9f9bd4829298855a85c3fa51,T,,,,
0xbc272b58e7cd0a6002c95afd1f208898d756c580,T,0.0,0.0,0.0,0.0
0xbd2082ce6f9bf88564b50d59299a81864155cc39,T,,,,
0xbd24918e527512c48e7f54b3bec8f47b9f48914b,T,0.0,0.0,0.0,1.0
0xbd53a4db4003c59070abbfa4e6c31afbf0b26843,T,0.0,0.0,0.0,0.0
0xbd9dc7d3a4b0f6777ba79f5d52ff2cc27688c45d,T,,,,
0xbdb0b3f3b4c154f55006ba428790dcb19391a7e8,T,,,,
0xbe3aad36965853cbabbc9ae6110ced92fc9d51e8,T,,,,
0xbe44b9ecbca8afc16cb7fe146c16fe98cbeed14d,T,0.0,0.0,0.0,0.0
0xbe525d7eee572af084ec310bf9147f7922057e88,T,0.0,0.0,0.0,0.0
0xbe66ccd76e2007a2af8ae7134ad5ab4b08cc0102,T,,,,
0xbe8608083b1716eb64696693e728ab3142745f92,T,1.0,1.0,0.0,1.0
0xbe906537d65ed2d77c17fc8b7ebd4af5be7dab57,T,1.0,1.0,0.0,0.0
0xbe95b930fb23ec0dd98dd101b49eb5e041411601,T,,,,
0xbe99b09709fc753b09bcf557a992f6605d5997b0,T,0.0,0.0,0.0,1.0
0xbf05dedd050cc1da82fd729260e59f2417df5d3b,T,1.0,1.0,0.0,1.0
0xbf5fb038c28df2b8821988da78c3ebdbf7aa5ac7,T,0.0,0.0,0.0,0.0
0xbfd18f20423694a69e35d65cb9c9d74396cc2c2d,T,,,,
0xc034cf94f7ced9c968cc75210d1b5ddaccacfbf4,T,0.0,0.0,0.0,0.0
0xc0c4a2d6c58ea46f5a3ca1af90a702c20487691a,T,0.0,0.0,0.0,1.0
0xc0d0a87b8e18811b863b50494867369588027063,T,,,,
0xc0d9655d69bdb764ca3f69a8771e87e133fabd94,T,0.0,0.0,0.0,0.0
0xc12dc6274882b3d535b01fb7430d38122d948542,T,0.0,0.0,0.0,0.0
0xc1574ab95106621686d6e480f378d79c0442fe33,T,0.0,0.0,0.0,0.0
0xc170db1795adf8115b75ac98e872195847b0d0d1,T,,,,
0xc1acc41663647b7071a35eaa0bb5c9ccb5e26bbc,T,0.0,0.0,0.0,1.0
0xc1d73e148590b60ce9dd42d141f9b27bbad07879,T,0.0,0.0,0.0,0.0
0xc21773ab3c3975ee4255afd24f84724b8166e5da,T,0.0,0.0,0.0,0.0
0xc22eefe202998ff8129bcf49f0956e1f167386de,T,0.0,0.0,0.0,1.0
0xc2438ef1d2f2c1427bf0a39f02dba6a4a9de4793,T,,,,
0xc24854cb4139c427f0165705462c218b140963cf,T,0.0,0.0,0.0,0.0
0xc2921ea1c150405ef952f73952f37fa2746168d8,T,1.0,1.0,1.0,1.0
0xc304349d7cc07407b7844d54218d29d1a449b854,T,0.0,0.0,0.0,0.0
0xc34d789b4e3ce3bc3e0e026612a018760b776ddc,T,0.0,0.0,0.0,0.0
0xc374bf3bba0a7c1e502e698741776a21e5f6eb9e,T,0.0,0.0,0.0,1.0
0xc3758ba9d0851dae0abfeb65ab439138deb3d3e3,T,1.0,1.0,0.0,1.0
0xc399a8814e1fbb3095df330f8ff7f4916247ef94,T,0.0,0.0,0.0,0.0
0xc3a3fa3d7cfc573aac57af2e240a15cfbb047eab,T,0.0,0.0,0.0,1.0
0xc55e5e72911fab07ef912c58e6dc168d73348820,T,0.0,0.0,0.0,0.0
0xc5a55a809445b228e3662ff3da4cff5cc42c65a5,T,0.0,0.0,0.0,1.0
0xc5ce9c06a0caf0e4cbd90572b6550feafd69b740,T,0.0,0.0,0.0,0.0
0xc6389ef3d79cf17a5d103bd0f06f83cf76b14258,T,0.0,0.0,0.0,0.0
0xc6876c8b392ed397b969cd4ddc5ff5c05de7cb89,T,,,,
0xc710772a16fd040ed9c63de0679a57410981e3fc,T,0.0,0.0,0.0,0.0
0xc726ac92955fc07ad09c5af4827418f581e37017,T,,,,
0xc77081641129a028d622f85671ea172ac5595938,T,0.0,0.0,0.0,0.0
0xc78f0fdfb708689cbe6629175b66958eaa89e7d0,T,0.0,0.0,0.0,0.0
0xc79d1b9d77dcf62add2f90c827e87e29d5934d37,T,1.0,1.0,0.0,1.0
0xc7b559416533ac7a685d7c1899862a6a9a086503,T,0.0,0.0,0.0,1.0
0xc7c5d612536d167627b217d08b9ff05da1db75f7,T,1.0,1.0,0.0,1.0
0xc7e454770433c071dd1863eeb27fb7e1adbd3361,T,0.0,0.0,0.0,0.0
0xc7f1907704e6ad1f846f662c2e967cfcb04c8621,T,0.0,0.0,0.0,0.0
0xc84fd2ef1fe4ae7269da00c074d5625447c3f879,T,0.0,0.0,0.0,1.0
0xc899bc43e3ee78169f5035ce31a20dbc95242949,T,0.0,0.0,0.0,1.0
0xc8a074de1c6bf01a75cd29892c91b6c354200f75,T,0.0,0.0,0.0,1.0
0xc8e73d3709d939bf186cfb83a92d24c464cb0056,T,0.0,0.0,0.0,1.0
0xc95c0910d39d1f6cd3bd71e4b689660c18172b7b,T,,,,
0xc99b3615724b7c4d3e4b348cfc8a25b9e2133828,T,,,,
0xca5228d1fe52d22db85e02ca305cddd9e573d752,T,,,,
0xcaa7b8aa3bc78dda98af8fee1390f34e756a5f55,T,0.0,0.0,0.0,0.0
0xcac14364754336d9759caafddef8d662dcca06a0,T,0.0,0.0,0.0,0.0
0xcb3123f81b2f3e7fbe0c1d9455a158ad1c217a8b,T,,,,
0xcb71b51d9159a49050d56516737b4b497e98bb99,T,0.0,0.0,0.0,0.0
0xcb8d1c16f97f86b4aaa400a50771bc958b9ba116,T,0.0,0.0,0.0,0.0
0xcbbfaaddd045f0274a6e6d1ec8640c0a9b5fef46,T,0.0,0.0,0.0,1.0
0xcc6a0dd80ff3fa8c1b37011765ee19efc480f825,T,0.0,0.0,0.0,1.0
0xcca92f4e45f6cea3b1ce39c14ce3218f94a1f9fa,T,0.0,0.0,0.0,1.0
0xccb12d9d43e59ea578f2f75252fc7cc588ce7820,T,1.0,1.0,0.0,1.0
0xcd37c2b62cb8a0633fc75452b01bb1fe80ebf4ca,T,0.0,0.0,0.0,0.0
0xcd4c5a9e6e87f789178be1ab96cc19751195d87a,T,0.0,0.0,0.0,1.0
0xcd5c245b57bf5469dab161f0e6928858f37b03c1,T,0.0,0.0,0.0,0.0
0xcdcfc0f66c522fd086a1b725ea3c0eeb9f9e8814,T,0.0,0.0,0.0,1.0
0xcde363ea13118cb07a39776363f6eeddcc8580d3,T,1.0,1.0,0.0,1.0
0xce6b1aff0fe66da643d7a9a64d4747293628d667,T,0.0,0.0,0.0,0.0
0xce8296f1dacd7c6eca28453f37fe15e0596cdaea,T,,,,
0xcea86636608bacb632dfd1606a0dc1728b625387,T,0.0,0.0,0.0,0.0
0xceae314d493855918ab12705d944d3af81beeb3d,T,0.0,0.0,0.0,1.0
0xcf1cf009e01cfd0c36b9172726da1048a7254811,T,,,,
0xcfc60841bb8a64446771704159a1130a526d4b86,T,1.0,1.0,0.0,0.0
0xcff9e94af4864a52232fc632002b31fe1c8eed60,T,1.0,1.0,0.0,1.0
0xd03cdb4206084f15778ff6388b139d96c93ccaf7,T,,,,
0xd060792b45e31fbfff1afdb4236f7ae655b22321,T,0.0,0.0,0.0,0.0
0xd07b5dacb15b931dac559a36e0ab67f433ccf7a6,T,,,,
0xd0981f1e922be67f2d0bb4f0c86f98f039dd24cc,T,0.0,0.0,0.0,0.0
0xd1521a4c08a226d17e38e276052204ce69453e7a,T,1.0,1.0,0.0,1.0
0xd1e23ab26378bd484801a4c068aaae4f7ea76c0e,T,,,,
0xd23043ce917ac39309f49dba82f264994d3ade76,T,,,,
0xd2606c9bc5efe092a8925e7d6ae2f63a84c5fdea,T,,,,
0xd2e28752827a9431de9ddec552fbddae9f473ae5,T,0.0,0.0,0.0,1.0
0xd3faa38c0d0f77130efd806a4cc0526465803670,T,0.0,0.0,0.0,0.0
0xd4dd63d658f603e9a0aa381e103e05457cd5e609,T,,,,
0xd558f0c903ccac458495f0dc776dbcc78f1adf79,T,,,,
0xd579044e38e8a36133ea86a7b1fbb24aed91a4a8,T,1.0,1.0,0.0,1.0
0xd71a90c6903c698b643ac007a7a279f34e444dc3,T,0.0,0.0,0.0,0.0
0xd731c88890ca047cd1bed2e6ea1562c7a425c29d,T,,,,
0xd7a7afe4b20611f2c839ec5cd340f27fe08c949c,T,,,,
0xd7aa0cdb7cc9a406884bb4b3bc727b836ef3422f,T,,,,
0xd7f1c76ccaaaaeeb41022c0c408d918b8c966170,T,0.0,0.0,0.0,0.0
0xd8096abb6ff38b912ff7dcebddcf6bd2bed468bb,T,,,,
0xd86dc5e1574491b3c4b68a30f0084d630a9ecc94,T,1.0,1.0,0.0,1.0
0xd871a7ce9bcf9cfbefbca3ede0ce53ba1787dfc9,T,0.0,0.0,0.0,0.0
0xd87d3d9fb80a5f009b3812b536256b6f457176b1,T,,,,
0xd87eaad7afb256c69526a490f402a658f12246fd,T,0.0,0.0,0.0,0.0
0xd8cb4151fce62b3d08269343a79dbcd6f83d3405,T,0.0,0.0,0.0,0.0
0xd8dfe62f20504bc474f00e9b3e6e305e46223c71,T,,,,
0xd90f5ebc01914bbd357b754956aafb199f4d1624,T,,,,
0xd933dd3fa43a9245a3c193c642470a2df0d148fb,T,0.0,0.0,0.0,0.0
0xd968907665f8706cca80ce6528b6afe81efb9d0f,T,0.0,0.0,0.0,1.0
0xd9b7a4bccac0c86b55875dc58b59f9871128e57a,T,0.0,0.0,0.0,1.0
0xda5480f71bdf5a97bbff592df307be749339e4d9,T,0.0,0.0,0.0,0.0
0xda83c0a8587c705122434e8baa50db67ef049263,T,0.0,0.0,0.0,1.0
0xdab860de671cc76c4a341615b69f878a08bb9bbb,T,1.0,1.0,0.0,1.0
0xdb0f4715aba5eb7ad90da647e24eee5a33909fd4,T,0.0,0.0,0.0,0.0
0xdb29bf190a4e6db3eab958f9614c4404906a2530,T,,,,
0xdb6677db66d1b908d4813de47acf0b38251bfc35,T,,,,
0xdc626aa0bf99848fdffe293a9e3cdd64900ce2a6,T,0.0,0.0,0.0,0.0
0xdca50347529f31c02855a48ed2b05262c41a29e2,T,0.0,0.0,0.0,1.0
0xdce8b70d2846311d7a014b527620adbc1feb5f5f,T,0.0,0.0,0.0,1.0
0xdcfae5ec906742f66e57e09ce098f5adb76ababa,T,0.0,0.0,0.0,0.0
0xdd668617758fd3966825f0b58d5381c24794f9e5,T,0.0,0.0,0.0,1.0
0xdda2044b39fdb4db77ac085866179c548e5d0f15,T,0.0,0.0,0.0,0.0
0xddaabbeb621fb90c8b10432783f228ff7f888b5f,T,,,,
0xde82658c23f034d71827c215fdfbce0d4e248ccd,T,0.0,0.0,0.0,0.0
0xded97837303f375c7568f55360bd3b951b8195ab,T,1.0,1.0,0.0,1.0
0xdeff1d547f5cf673b03edcdfb2a80341a42d7f38,T,0.0,0.0,0.0,0.0
0xdf118bf76f39871d8429e6d94dfac82736165dfe,T,0.0,0.0,0.0,0.0
0xdf861993edbe95bafbfa7760838f8ebbd5afda9f,T,,,,
0xdf8ed54d46cd128bd36ec66d1177f8fee4e0229a,T,1.0,1.0,0.0,1.0
0xdfdd7d7e58d28a3dd6bf3b730c1f1cd23f35e5c0,T,0.0,0.0,0.0,1.0
0xe06f5fa46e2bf315812be635a4301c9b4a1a7598,T,0.0,0.0,0.0,1.0
0xe14f29c22f47d1ca8dda796a6718c6bd0be0b3cf,T,0.0,0.0,0.0,0.0
0xe15422570cb3cd88bd7ef87f14c6ca7c43f77398,T,,,,
0xe1ccb3a5bae6fecdb9b60c0acf94989f48c10742,T,0.0,0.0,0.0,0.0
0xe220a987a5dbee5c2c530272e8a19865a643521b,T,1.0,1.0,0.0,1.0
0xe23611dbae1556c041e6ad04c98e9f18ee98b50c,T,,,,
0xe2a4e17769788c960a5a23e08eaf5d79fe654528,T,,,,
0xe2dd8cce2c33a04215074adb4b5820b765d8ed9d,T,,,,
0xe31ced3343f21e5cad5d31163bba5899ee01d813,T,1.0,1.0,0.0,1.0
0xe37b75941d9b8e3139e16a774faa2d9fb1fc9f28,T,0.0,0.0,0.0,0.0
0xe3b0fe57f7de3281579a504dcc3af491afbb23e5,T,0.0,0.0,0.0,0.0
0xe3d085b7bdf97c6d003abcec2003b9c5b120d616,T,0.0,0.0,0.0,0.0
0xe3dd9bb9022c805660a2cd5914f89e92014229c1,T,0.0,0.0,0.0,0.0
0xe3ec74dbce6ee1d8680e38714b67ab5535c95bdb,T,0.0,0.0,0.0,0.0
0xe4c94d45f7aef7018a5d66f44af780ec6023378e,T,0.0,0.0,0.0,1.0
0xe4fb506f5e6d8c68e71cb9f7cc2fde4c059d3925,T,0.0,0.0,0.0,0.0
0xe54420ef4ecda25e08b82a71f72e043f83d7d808,T,,,,
0xe59611a5247c9a021f0546b698f79fb4fba5deb3,T,0.0,0.0,0.0,0.0
0xe5b63996c8c953dc2da22348b207dbd46ad045dd,T,1.0,1.0,0.0,1.0
0xe5d855dd040825e5ac99f39fc9bd2b4edcbabc5a,T,0.0,0.0,0.0,0.0
0xe683c31d91d73ae12770cc7082511846ea66f8d6,T,,,,
0xe6a61590237415230c8412d818a13ce7f64ad789,T,0.0,0.0,0.0,0.0
0xe716209f5d62efa8ca4cacdda1284bfff8df9e42,T,1.0,1.0,0.0,0.0
0xe78a4ed7a2d50c7206fea45dd7418b71a6de943b,T,0.0,0.0,0.0,0.0
0xe82062f270dbbd296ec4820845129d874ea35ace,T,0.0,0.0,0.0,0.0
0xe82719202e5965cf5d9b6673b7503a3b92de20be,T,0.0,0.0,0.0,0.0
0xe830d955cbe549d9bcf55e3960b86ffac6ef83f1,T,0.0,0.0,0.0,0.0
0xe8d7648dd6b3b8b4eb360009745fc0a3c597764b,T,,,,
0xe91125f34fcef2854a890dcf02b74cb2dcbe377f,T,,,,
0xe91b8b5e38ad85358d6c5ca6c0092e12bd736b7e,T,,,,
0xe92ab09b19e847ee34127ab0c470d86326d218dc,T,0.0,0.0,0.0,1.0
0xe952cbf5c1480032537c57874de3e949203ed623,T,0.0,0.0,0.0,0.0
0xe966652244b335a724a0465bb0b682e3885d3177,T,0.0,0.0,0.0,0.0
0xe9bb95a686495d5108a0648595db71b084908d67,T,1.0,1.0,1.0,1.0
0xe9cab365dd2c7d43982f7bc608d30a4c99c8b878,T,0.0,0.0,0.0,1.0
0xea0822a17b62bf1be91fa8c98154ce42a87589ff,T,1.0,1.0,0.0,0.0
0xeb31c53605b2294fa5476326641d4a78ef2394ab,T,,,,
0xeba567f15d2e3f117a186173de830601515980af,T,0.0,0.0,0.0,0.0
0xeca7f8aa63d1d28fafda5fdf021388b5d7166dee,T,0.0,0.0,0.0,0.0
0xecec76db2f65a2669437b2bca5703c7e07b8d12a,T,0.0,0.0,0.0,0.0
0xed29ff5874fa64dcf47ed7dacb770857a5d164fb,T,0.0,0.0,0.0,0.0
0xed42398a3df99e482039c2aec8000dba75296ee9,T,0.0,0.0,0.0,0.0
0xed55fb58ea9de1f484addcc970463218b4d89cfe,T,0.0,0.0,0.0,0.0
0xed710216da4b1416a78768790ca9aa3633ca110f,T,0.0,0.0,0.0,0.0
0xed98b38f4fc2fcc633465b699f6d983d96e1fe8c,T,,,,
0xee1f0f9731ee93736e219598e6aa441ad36ffc61,T,0.0,0.0,0.0,0.0
0xeee95f7af91b4611c0a707a0012e3ba06f7ca8d9,T,0.0,0.0,0.0,0.0
0xeee987af7d3b34fbf033877d34fccf354b394618,T,1.0,1.0,0.0,1.0
0xef2742e5af727bd7d615d9e3d0e4f6efb1176447,T,,,,
0xef6ad5b5e389b3676ca1c666d88821d4d5cad2ae,T,0.0,0.0,0.0,0.0
0xef75f477126d05519d965d116fc9606e60fc70a8,T,0.0,0.0,0.0,0.0
0xefbfc3f373c9cc5c0375403177d71bcc387d3597,T,0.0,0.0,0.0,0.0
0xefe14cde6752b34693e368dba320f4f1897d0556,T,,,,
0xf016dbcff77eadbd4670fe74b856384f2da76a63,T,0.0,0.0,0.0,1.0
0xf01d7939441a3b1b108c70a28dcd99c6a98ad4b4,T,0.0,0.0,0.0,1.0
0xf0344800bd3ffa687e4d780357961b28995a5f46,T,0.0,0.0,0.0,0.0
0xf09a3ea98a90b2de766227f04617a5a2d1c326c4,T,1.0,1.0,0.0,1.0
0xf0eeb04b00a9c5bc026d22433c1d94315b7219db,T,0.0,0.0,0.0,1.0
0xf151997c8e7e7e1fed16232127d1d76938de1892,T,0.0,0.0,0.0,1.0
0xf1f02ce7cdec4ec72c8bae997c7d858d2df56469,T,0.0,0.0,0.0,1.0
0xf24c63438ae11cb3facb84006f4cfa75458126ed,T,,,,
0xf25957c81fd208b01ce2f4696210d7d141a6c972,T,0.0,0.0,0.0,1.0
0xf290d6422c64222dabe98c5f4acd646acab6f81f,T,,,,
0xf2baec4108306dc87e117d98912d5adac4f15ed9,T,0.0,0.0,0.0,1.0
0xf37b53caf36852b367977090a36c5d762486607f,T,0.0,0.0,0.0,0.0
0xf3ba18b53cff2ea3d45e8f06ffe6dc24a32a633e,T,,,,
0xf3c8ed6c721774c022c530e813a369dfe78a6e85,T,,,,
0xf3f3dd2b5d9f3de1b1ceb6ad84683bf31adf29d1,T,0.0,0.0,0.0,0.0
0xf42cab74a7f24184e26475563835ceb83a6e0c6c,T,1.0,1.0,0.0,1.0
0xf4f8ab8c5db70c8aa8fe22fd8a86505125ef2b3e,T,1.0,1.0,0.0,1.0
0xf56414ae268293dc717878eec223567d960f2f7c,T,0.0,0.0,0.0,1.0
0xf5de9e4cbb4c0620dc774bdb02b3223436d767db,T,,,,
0xf5ec7f2ff9a0f0b4ae9572a177a1f6851efa0c79,T,0.0,0.0,0.0,0.0
0xf62afd17037be692a00b181e959e3c9931076138,T,,,,
0xf669d2963fd7daef7bfacbbe35392066ee08f9cb,T,,,,
0xf6e7ec5d6983fafd6eb14c2a20c2dd354e09ce9b,T,0.0,0.0,0.0,1.0
0xf76557d533e7adf2e74a9d9d8b833c73809ba7c1,T,,,,
0xf77cead5b85f379aa7b9031a842ccd903d7966a7,T,1.0,1.0,0.0,1.0
0xf7bd8e834475367e000904d3eddb6a4cfc599711,T,0.0,0.0,0.0,0.0
0xf7cb4bd18057abdefc366b50f3e1a356277cd195,T,0.0,0.0,0.0,0.0
0xf7f6b7164fb3ab456715d2e8b84e8baac8bd09a9,T,,,,
0xf824e25db6135c242badd551b1a86d5c490a368e,T,1.0,1.0,0.0,1.0
0xf8a5f0be78b60ecb992a1765661d67c27d7a1a2b,T,,,,
0xf924d74bb9f13c6e22774a14edbe5f206c7ab7d7,T,0.0,0.0,0.0,0.0
0xfa82f0a05b732deaf9ae17a945c65921c28b16dd,T,0.0,0.0,0.0,1.0
0xfac1c7270bc5b0664e27e7f2e82281d564aedf4e,T,0.0,0.0,0.0,0.0
0xfac4a535c005881273e7939a17d7c2fd44fbe115,T,0.0,0.0,0.0,0.0
0xfb025f588cd68b9ddd30e4c3919748e87e5c6265,T,0.0,0.0,0.0,0.0
0xfb0357df5d18f95a0560a8cf10a33b0eca025a8d,T,1.0,1.0,0.0,1.0
0xfb58daa58c6f18a8e975ecd0deaaaced78a8463b,T,,,,
0xfb7f435fb300a3d66bb75ffb22b27c46407d9b12,T,1.0,1.0,0.0,1.0
0xfc62a32da21052fb3086e8f68ad10a7118a98606,T,0.0,0.0,0.0,0.0
0xfd07cac1ad789eb0e0163c9bfbb9cc9034b72df6,T,0.0,0.0,0.0,0.0
0xfd5d0d6e9cd1c5eae55d449c0cd100ec4d9eb6e6,T,0.0,0.0,0.0,1.0
0xfd6ecfe1cc8cc5a0e49961b34c20ba6577c60df8,T,0.0,0.0,0.0,0.0
0xfda2e0437f974c9312ca6740c07181178f645fa9,T,,,,
0xfe2f38cd9b73d8a8c171cec2e7160f66f1288622,T,0.0,0.0,0.0,0.0
0xfe76b21e6eadcb7f82f59a1025808cc924528f06,T,1.0,1.0,0.0,1.0
0xfe77d80873a7a09e0ea62fd89c76fc13d3875596,T,1.0,1.0,1.0,1.0
0xff45211ebdfc7ebcc458e584bcec4eac19d6a624,T,0.0,0.0,0.0,0.0
0xffc80f7403ff8c1aee200ad110fe0fa28d213445,T,0.0,0.0,0.0,0.0
